T,0.110406506,0.002768402,90.7,0.1252,125.18,,,
T,0.110395568,0.003705407,90.7,0.2295,104.31,,,
T,0.110384629,0.004642378,90.7,0.3338,104.31,,,
T,0.110375878,0.005391943,90.7,0.4172,83.45,,,
T,0.110179901,0.006139550,104.7,0.5032,86.00,,,
T,0.109981733,0.007074501,102.0,0.6096,106.36,,,
T,0.109596345,0.008007484,112.4,0.7219,112.26,,,
T,0.109398188,0.008942404,102.0,0.8282,106.36,,,
T,0.109206606,0.009315169,117.2,0.8748,46.59,,,
T,0.109008440,0.010250073,102.0,0.9812,106.35,,,
T,0.108623094,0.011182944,112.4,1.0934,112.25,,,
T,0.108424999,0.012117736,102.0,1.1998,106.34,,,
T,0.108229077,0.012865174,104.7,1.2857,85.98,,,
T,0.108033154,0.013612593,104.7,1.3717,85.98,,,
T,0.108026628,0.014174648,90.7,1.4343,62.57,,,
T,0.107641328,0.015107398,112.4,1.5465,112.23,,,
T,0.107445417,0.015854793,104.7,1.6325,85.97,,,
T,0.107062305,0.016600189,117.2,1.7257,93.17,,,
T,0.106491983,0.017343567,127.5,1.8297,104.04,,,
T,0.106111054,0.017901605,124.3,1.9048,75.05,,,
T,0.105538585,0.018832301,121.6,2.0262,121.41,,,
T,0.105155491,0.019577660,117.2,2.1193,93.16,,,
T,0.104772403,0.020322985,117.2,2.2125,93.16,,,
T,0.104391484,0.020881004,124.3,2.2875,75.05,,,
T,0.103821215,0.021624310,127.5,2.3916,104.03,,,
T,0.103070256,0.021803649,166.6,2.4770,85.40,,,
T,0.102317152,0.022170293,154.0,2.5697,92.74,,,
T,0.101566208,0.022349601,166.6,2.6551,85.40,,,
T,0.101000313,0.022718231,146.9,2.7299,74.83,,,
T,0.100062200,0.022895546,169.3,2.8355,105.59,,,
T,0.099309127,0.023262162,154.0,2.9283,92.73,,,
T,0.098560381,0.023254129,180.6,3.0111,82.80,,,
T,0.097807347,0.023620693,154.0,3.1038,92.73,,,
T,0.097241502,0.023989255,146.9,3.1786,74.82,,,
T,0.096301294,0.024353793,158.8,3.2902,111.60,,,
T,0.095735459,0.024722356,146.9,3.3650,74.82,,,
T,0.094793122,0.025274181,149.6,3.4860,120.96,,,
T,0.094225140,0.025830037,135.6,3.5742,88.17,,,
T,0.093284977,0.026194554,158.8,3.6857,111.60,,,
T,0.092719163,0.026563101,146.9,3.7606,74.82,,,
T,0.091964038,0.027116930,143.7,3.8644,103.79,,,
T,0.091398228,0.027485463,146.9,3.9392,74.82,,,
T,0.090830285,0.028041305,135.6,4.0273,88.16,,,
T,0.090075176,0.028595104,143.7,4.1311,103.79,,,
T,0.089324373,0.028774312,166.6,4.2165,85.38,,,
T,0.088762861,0.028768330,180.6,4.2786,62.09,,,
T,0.088009935,0.029134785,154.0,4.3713,92.71,,,
T,0.086880535,0.029684525,154.0,4.5104,139.07,,,
T,0.086314814,0.030052949,146.9,4.5852,74.80,,,
T,0.085564052,0.030232131,166.6,4.6706,85.38,,,
T,0.084438991,0.030407243,171.2,4.7965,125.92,,,
T,0.083877532,0.030401143,180.6,4.8586,62.09,,,
T,0.082754610,0.030388978,180.6,4.9827,124.17,,,
T,0.082191019,0.030570184,162.2,5.0482,65.50,,,
T,0.081438143,0.030936624,154.0,5.1409,92.71,,,
T,0.080498124,0.031301027,158.8,5.2525,111.58,,,
T,0.079928144,0.032044051,127.5,5.3565,103.99,,,
T,0.079360303,0.032599774,135.6,5.4447,88.14,,,
T,0.078605324,0.033153473,143.7,5.5484,103.77,,,
T,0.078224655,0.033711190,124.3,5.6234,75.01,,,
T,0.077469703,0.034264833,143.7,5.7272,103.76,,,
T,0.076714755,0.034818471,143.7,5.8310,103.76,,,
T,0.076149097,0.035186849,146.9,5.9058,74.79,,,
T,0.075583436,0.035555210,146.9,5.9805,74.79,,,
T,0.074828528,0.036108800,143.7,6.0843,103.76,,,
T,0.073888610,0.036473077,158.8,6.1959,111.56,,,
T,0.073133713,0.037026638,143.7,6.2996,103.75,,,
T,0.072383064,0.037205706,166.6,6.3850,85.36,,,
T,0.071821669,0.037199573,180.6,6.4471,62.08,,,
T,0.070881774,0.037563842,158.8,6.5586,111.56,,,
T,0.070133255,0.037555662,180.6,6.6414,82.77,,,
T,0.069382617,0.037734744,166.6,6.7268,85.36,,,
T,0.068634104,0.037726559,180.6,6.8095,82.77,,,
T,0.068072720,0.037720425,180.6,6.8716,62.08,,,
T,0.067137081,0.037710203,180.6,6.9751,103.46,,,
T,0.066388568,0.037702030,180.6,7.0578,82.77,,,
T,0.065452944,0.037691762,180.6,7.1613,103.46,,,
T,0.064517327,0.037681479,180.6,7.2648,103.46,,,
T,0.063581711,0.037671195,180.6,7.3682,103.46,,,
T,0.062646097,0.037660909,180.6,7.4717,103.46,,,
T,0.061710487,0.037650631,180.6,7.5751,103.46,,,
T,0.060774878,0.037640342,180.6,7.6786,103.46,,,
T,0.060026391,0.037632119,180.6,7.7614,82.77,,,
T,0.059275801,0.037811129,166.6,7.8467,85.35,,,
T,0.058525206,0.037990131,166.6,7.9321,85.36,,,
T,0.057963847,0.037983958,180.6,7.9942,62.08,,,
T,0.056841129,0.037971610,180.6,8.1183,124.15,,,
T,0.056092651,0.037963397,180.6,8.2011,82.77,,,
T,0.055342073,0.038142411,166.6,8.2864,85.35,,,
T,0.054593602,0.038134165,180.6,8.3692,82.77,,,
T,0.053840937,0.038500370,154.1,8.4619,92.67,,,
T,0.052901159,0.038864497,158.8,8.5734,111.54,,,
T,0.052150598,0.039043458,166.6,8.6588,85.35,,,
T,0.051210829,0.039407585,158.8,8.7703,111.54,,,
T,0.050271068,0.039771703,158.8,8.8818,111.54,,,
T,0.049892647,0.040142037,135.6,8.9406,58.74,,,
T,0.048950791,0.040693383,149.7,9.0615,120.88,,,
T,0.048198156,0.041059577,154.1,9.1541,92.67,,,
T,0.047630540,0.041615060,135.6,9.2422,88.11,,,
T,0.046875818,0.042168482,143.7,9.3460,103.73,,,
T,0.046308210,0.042724022,135.6,9.4341,88.11,,,
T,0.045740608,0.043279465,135.6,9.5222,88.10,,,
T,0.044985904,0.043832872,143.7,9.6259,103.73,,,
T,0.044418311,0.044388311,135.6,9.7140,88.10,,,
T,0.043663617,0.044941685,143.8,9.8177,103.72,,,
T,0.043098128,0.045309857,146.9,9.8925,74.76,,,
T,0.042528458,0.046052414,127.5,9.9964,103.93,,,
T,0.041960882,0.046607803,135.6,10.0845,88.10,,,
T,0.041395398,0.046975985,146.9,10.1593,74.76,,,
T,0.040640726,0.047529287,143.8,10.2630,103.72,,,
T,0.040258177,0.048273966,117.2,10.3561,93.07,,,
T,0.039505597,0.048640062,154.1,10.4487,92.66,,,
T,0.038935961,0.049382636,127.5,10.5527,103.93,,,
T,0.038183389,0.049748727,154.1,10.6453,92.66,,,
T,0.037615840,0.050304100,135.6,10.7334,88.09,,,
T,0.036863273,0.050670195,154.1,10.8261,92.66,,,
T,0.036110711,0.051036265,154.1,10.9187,92.66,,,
T,0.035362313,0.051027940,180.6,11.0015,82.76,,,
T,0.034426814,0.051017541,180.6,11.1049,103.45,,,
T,0.033680493,0.050822018,194.7,11.1903,85.35,,,
T,0.032747071,0.050624404,192.0,11.2958,105.53,,,
T,0.032002820,0.050241634,207.2,11.3885,92.67,,,
T,0.031256491,0.050046053,194.7,11.4738,85.35,,,
T,0.030510160,0.049850482,194.7,11.5592,85.35,,,
T,0.029763826,0.049654900,194.7,11.6445,85.35,,,
T,0.029017491,0.049459334,194.7,11.7299,85.35,,,
T,0.028273225,0.049076549,207.2,11.8225,92.67,,,
T,0.027526883,0.048880987,194.7,11.9079,85.35,,,
T,0.026593437,0.048683304,192.0,12.0134,105.53,,,
T,0.025847092,0.048487735,194.7,12.0988,85.35,,,
T,0.025100746,0.048292157,194.7,12.1841,85.35,,,
T,0.024354396,0.048096572,194.7,12.2695,85.35,,,
T,0.023608045,0.047900989,194.7,12.3548,85.35,,,
T,0.022672521,0.047890538,180.6,12.4583,103.45,,,
T,0.021924098,0.047882159,180.6,12.5410,82.76,,,
T,0.021171536,0.048248159,154.1,12.6337,92.65,,,
T,0.020789061,0.048992787,117.2,12.7268,93.06,,,
T,0.020406587,0.049737418,117.2,12.8198,93.06,,,
T,0.020211221,0.050484126,104.7,12.9057,85.88,,,
T,0.020202962,0.051232933,90.6,12.9891,83.36,,,
T,0.020007600,0.051979647,104.7,13.0749,85.88,,,
T,0.019999338,0.052728453,90.6,13.1583,83.36,,,
T,0.019616873,0.053473020,117.2,13.2514,93.05,,,
T,0.019047313,0.054215519,127.5,13.3553,103.91,,,
T,0.019039062,0.054964298,90.6,13.4386,83.36,,,
T,0.018656597,0.055708827,117.2,13.5317,93.05,,,
T,0.018459171,0.056642639,101.9,13.6379,106.22,,,
T,0.018448844,0.057578545,90.6,13.7421,104.19,,,
T,0.018438519,0.058514437,90.6,13.8463,104.19,,,
T,0.018617357,0.059265249,76.6,13.9322,85.89,,,
T,0.018609095,0.060013953,90.6,14.0155,83.35,,,
T,0.018785867,0.060951929,79.3,14.1217,106.23,,,
T,0.019151795,0.061704821,64.1,14.2148,93.07,,,
T,0.019330627,0.062455606,76.6,14.3007,85.88,,,
T,0.019509456,0.063206395,76.6,14.3866,85.88,,,
T,0.019688292,0.063957173,76.6,14.4725,85.88,,,
T,0.019677961,0.064893012,90.6,14.5766,104.18,,,
T,0.019669697,0.065641678,90.6,14.6600,83.35,,,
T,0.019850581,0.066205250,72.2,14.7258,65.85,,,
T,0.019838172,0.067328176,90.6,14.8509,125.01,,,
T,0.019829900,0.068076791,90.6,14.9342,83.34,,,
T,0.019817492,0.069199696,90.6,15.0592,125.01,,,
T,0.019622132,0.069946202,104.7,15.1451,85.86,,,
T,0.019611792,0.070881937,90.6,15.2492,104.17,,,
T,0.019603520,0.071630524,90.6,15.3326,83.34,,,
T,0.019406094,0.072564160,101.9,15.4388,106.20,,,
T,0.019399891,0.073125593,90.6,15.5013,62.50,,,
T,0.019389552,0.074061310,90.6,15.6054,104.17,,,
T,0.019196266,0.074620643,109.1,15.6713,65.83,,,
T,0.019187997,0.075369210,90.6,15.7546,83.34,,,
T,0.019175591,0.076492051,90.6,15.8796,125.00,,,
T,0.018978167,0.077425617,101.9,15.9858,106.19,,,
T,0.018965751,0.078548393,90.6,16.1108,124.99,,,
T,0.018955404,0.079484030,90.6,16.2150,104.16,,,
T,0.018945059,0.080419659,90.6,16.3191,104.16,,,
T,0.018936782,0.081168164,90.6,16.4024,83.33,,,
T,0.019113514,0.082105870,79.3,16.5086,106.20,,,
T,0.019107305,0.082667241,90.6,16.5711,62.50,,,
T,0.019471116,0.083607038,68.8,16.6832,112.09,,,
T,0.019460767,0.084542642,90.6,16.7874,104.16,,,
T,0.019639566,0.085293215,76.6,16.8732,85.86,,,
T,0.019818362,0.086043778,76.6,16.9591,85.86,,,
T,0.019997168,0.086794383,76.6,17.0450,85.86,,,
T,0.019986812,0.087729927,90.6,17.1491,104.15,,,
T,0.019976457,0.088665493,90.6,17.2533,104.15,,,
T,0.019966096,0.089601008,90.6,17.3574,104.15,,,
T,0.019955739,0.090536542,90.6,17.4616,104.15,,,
T,0.020134527,0.091287060,76.6,17.5474,85.85,,,
T,0.020124170,0.092222584,90.6,17.6516,104.15,,,
T,0.020115883,0.092971001,90.6,17.7349,83.32,,,
T,0.020105524,0.093906508,90.6,17.8390,104.15,,,
T,0.020284308,0.094657013,76.6,17.9249,85.85,,,
T,0.020650163,0.095409602,64.1,18.0179,93.03,,,
T,0.021205157,0.095977178,45.6,18.1060,88.08,,,
T,0.021762222,0.096357653,34.3,18.1808,74.75,,,
T,0.022319281,0.096738118,34.3,18.2555,74.75,,,
T,0.023063404,0.097120666,27.2,18.3482,92.65,,,
T,0.023807526,0.097503211,27.2,18.4408,92.65,,,
T,0.024742859,0.097513643,0.6,18.5442,103.43,,,
T,0.025491125,0.097521989,0.6,18.6270,82.74,,,
T,0.026048174,0.097902439,34.3,18.7017,74.75,,,
T,0.026981429,0.098099970,12.0,18.8072,105.51,,,
T,0.027727617,0.098295415,14.7,18.8926,85.33,,,
T,0.028658790,0.098680037,22.4,19.0041,111.51,,,
T,0.029404975,0.098875483,14.7,19.0894,85.33,,,
T,0.030151153,0.099070918,14.7,19.1747,85.33,,,
T,0.030895255,0.099453437,27.2,19.2674,92.64,,,
T,0.031641434,0.099648871,14.7,19.3527,85.33,,,
T,0.032013482,0.099840132,27.2,19.3990,46.32,,,
T,0.032946722,0.100037652,11.9,19.5045,105.51,,,
T,0.033879957,0.100235144,11.9,19.6100,105.51,,,
T,0.034624050,0.100617641,27.2,19.7027,92.64,,,
T,0.035557281,0.100815125,11.9,19.8082,105.51,,,
T,0.036488435,0.101199700,22.4,19.9197,111.51,,,
T,0.037606649,0.101586356,19.1,20.0506,130.92,,,
T,0.038720697,0.102347182,34.3,20.2001,149.49,,,
T,0.039462700,0.102916764,37.5,20.3038,103.69,,,
T,0.040204701,0.103486343,37.5,20.4075,103.69,,,
T,0.040944616,0.104243003,45.6,20.5249,117.43,,,
T,0.041686611,0.104812576,37.5,20.6286,103.69,,,
T,0.042430690,0.105195067,27.2,20.7213,92.64,,,
T,0.043174767,0.105577571,27.2,20.8139,92.64,,,
T,0.043918843,0.105960042,27.2,20.9065,92.64,,,
T,0.045037038,0.106346686,19.1,21.0375,130.92,,,
T,0.045972353,0.106357043,0.6,21.1409,103.43,,,
T,0.047092639,0.106556581,10.1,21.2667,125.85,,,
T,0.048212924,0.106756128,10.1,21.3926,125.85,,,
T,0.048772024,0.106949434,19.1,21.4580,65.46,,,
T,0.049707334,0.106959817,0.6,21.5615,103.43,,,
T,0.050268522,0.106966047,0.6,21.6235,62.06,,,
T,0.051203835,0.106976431,0.6,21.7270,103.43,,,
T,0.051952085,0.106984732,0.6,21.8097,82.74,,,
T,0.052891577,0.106620947,338.8,21.9212,111.50,,,
T,0.053639830,0.106629248,0.6,22.0039,82.74,,,
T,0.054203111,0.106448391,342.2,22.0694,65.46,,,
T,0.055140522,0.106271690,349.3,22.1749,105.50,,,
T,0.056080032,0.105907871,338.8,22.2864,111.50,,,
T,0.056830391,0.105729067,346.6,22.3717,85.32,,,
T,0.057578658,0.105737352,0.6,22.4545,82.74,,,
T,0.058513996,0.105747710,0.6,22.5579,103.43,,,
T,0.059264359,0.105568907,346.6,22.6432,85.32,,,
T,0.060199702,0.105579260,0.6,22.7467,103.43,,,
T,0.061137137,0.105402531,349.3,22.8522,105.51,,,
T,0.062259552,0.105414955,0.6,22.9763,124.12,,,
T,0.062820760,0.105421165,0.6,23.0383,62.06,,,
T,0.063760300,0.105057343,338.8,23.1499,111.50,,,
T,0.064510674,0.104878539,346.6,23.2352,85.33,,,
T,0.065263148,0.104512646,334.1,23.3278,92.64,,,
T,0.066202702,0.104148819,338.8,23.4393,111.51,,,
T,0.066957290,0.103595811,323.8,23.5430,103.69,,,
T,0.067526898,0.102853643,307.5,23.6469,103.89,,,
T,0.068098609,0.101924390,301.6,23.7681,121.23,,,
T,0.068668224,0.101182213,307.5,23.8720,103.89,,,
T,0.069424923,0.100442101,315.6,23.9894,117.43,,,
T,0.069988256,0.100261196,342.2,24.0549,65.46,,,
T,0.070925754,0.100084426,349.3,24.1604,105.51,,,
T,0.071863250,0.099907653,349.3,24.2659,105.51,,,
T,0.072800755,0.099730874,349.3,24.3715,105.52,,,
T,0.073549080,0.099739131,0.6,24.4542,82.75,,,
T,0.074297410,0.099747388,0.6,24.5370,82.75,,,
T,0.075234925,0.099570619,349.3,24.6425,105.52,,,
T,0.075985356,0.099391776,346.6,24.7278,85.33,,,
T,0.076924982,0.099027895,338.8,24.8393,111.52,,,
T,0.077675434,0.098849029,346.6,24.9247,85.34,,,
T,0.078612992,0.098672210,349.3,25.0302,105.52,,,
T,0.079739749,0.098310345,342.2,25.1611,130.94,,,
T,0.080490227,0.098131472,346.6,25.2465,85.34,,,
T,0.081429904,0.097767548,338.8,25.3580,111.52,,,
T,0.082180387,0.097588667,346.6,25.4433,85.34,,,
T,0.083120081,0.097224736,338.8,25.5548,111.52,,,
T,0.083870568,0.097045857,346.6,25.6402,85.34,,,
T,0.084621069,0.096866980,346.6,25.7255,85.34,,,
T,0.085558664,0.096690153,349.3,25.8311,105.53,,,
T,0.086311279,0.096324157,334.1,25.9237,92.66,,,
T,0.087248864,0.096147344,349.3,26.0292,105.52,,,
T,0.087814405,0.095779272,326.9,26.1040,74.76,,,
T,0.088571254,0.095039050,315.6,26.2214,117.45,,,
T,0.089326033,0.094485888,323.8,26.3252,103.72,,,
T,0.090080807,0.093932748,323.8,26.4289,103.72,,,
T,0.090839803,0.093005364,309.3,26.5619,133.05,,,
T,0.091590359,0.092826443,346.6,26.6473,85.35,,,
T,0.092153807,0.092645473,342.2,26.7127,65.48,,,
T,0.093282823,0.092096418,334.1,26.8517,139.00,,,
T,0.093846279,0.091915444,342.2,26.9172,65.48,,,
T,0.094971081,0.091740616,351.2,27.0431,125.89,,,
T,0.095721664,0.091561695,346.6,27.1285,85.35,,,
T,0.096661475,0.091197697,338.8,27.2400,111.54,,,
T,0.097599180,0.091020819,349.3,27.3455,105.54,,,
T,0.098349771,0.090841889,346.6,27.4309,85.35,,,
T,0.099289623,0.090477867,338.8,27.5424,111.54,,,
T,0.100040249,0.090298907,346.6,27.6278,85.36,,,
T,0.100793000,0.089932824,334.1,27.7205,92.68,,,
T,0.101545765,0.089566735,334.1,27.8132,92.68,,,
T,0.102485609,0.089202725,338.8,27.9247,111.54,,,
T,0.103427655,0.088651524,329.7,28.0456,120.89,,,
T,0.104561107,0.087728086,320.8,28.2077,162.10,,,
T,0.105503150,0.087176886,329.7,28.3286,120.89,,,
T,0.106070926,0.086621613,315.6,28.4167,88.10,,,
T,0.107013054,0.086070340,329.7,28.5376,120.91,,,
T,0.108142274,0.085521159,334.1,28.6766,139.03,,,
T,0.108897237,0.084967868,323.8,28.7804,103.74,,,
T,0.109650081,0.084601729,334.1,28.8730,92.69,,,
T,0.110400816,0.084422715,346.6,28.9584,85.37,,,
T,0.110962274,0.084428815,0.6,29.0205,62.09,,,
T,0.111898049,0.084438959,0.6,29.1240,103.48,,,
T,0.112833828,0.084449111,0.6,29.2275,103.48,,,
T,0.113771753,0.084272113,349.3,29.3330,105.57,,,
T,0.114709686,0.084095121,349.3,29.4386,105.57,,,
T,0.115647629,0.083918119,349.3,29.5442,105.57,,,
T,0.116398412,0.083739090,346.6,29.6295,85.38,,,
T,0.117151337,0.083372903,334.1,29.7222,92.70,,,
T,0.118089295,0.083195898,349.3,29.8278,105.57,,,
T,0.118844377,0.082642559,323.8,29.9316,103.76,,,
T,0.119971655,0.082280420,342.2,30.0626,131.00,,,
T,0.121096836,0.082105415,351.2,30.1885,125.93,,,
T,0.122034880,0.081928360,349.3,30.2941,105.58,,,
T,0.122970795,0.081938460,0.6,30.3976,103.49,,,
T,0.123719536,0.081946543,0.6,30.4804,82.80,,,
T,0.124468277,0.081954623,0.6,30.5632,82.80,,,
T,0.125402080,0.082151892,11.9,30.6687,105.56,,,
T,0.126523072,0.082351180,10.1,30.7946,125.92,,,
T,0.127454742,0.082735608,22.4,30.9062,111.55,,,
T,0.128201357,0.082930845,14.7,30.9916,85.37,,,
T,0.129324514,0.082942983,0.6,31.1158,124.20,,,
T,0.130445544,0.083142272,10.1,31.2417,125.93,,,
T,0.131007090,0.083148376,0.6,31.3038,62.10,,,
T,0.132317515,0.083162482,0.6,31.4487,144.91,,,
T,0.132876975,0.083355717,19.1,31.5142,65.50,,,
T,0.133625867,0.083363752,0.6,31.5970,82.81,,,
T,0.134372565,0.083558979,14.7,31.6824,85.38,,,
T,0.135304324,0.083943396,22.4,31.7940,111.56,,,
T,0.136236100,0.084327809,22.4,31.9055,111.56,,,
T,0.137167880,0.084712225,22.4,32.0171,111.56,,,
T,0.138097517,0.085283815,31.6,32.1380,120.89,,,
T,0.138837786,0.086040551,45.6,32.2554,117.46,,,
T,0.139578053,0.086797297,45.6,32.3729,117.46,,,
T,0.140316170,0.087741209,52.0,32.5059,133.05,,,
T,0.141056450,0.088497957,45.6,32.6234,117.46,,,
T,0.141611659,0.089065512,45.6,32.7115,88.09,,,
T,0.142350373,0.090009073,51.9,32.8446,133.06,,,
T,0.142711992,0.091136055,72.2,32.9762,131.67,,,
T,0.143260850,0.092265051,64.1,33.1158,139.57,,,
T,0.143624621,0.093204872,68.8,33.2279,112.09,,,
T,0.144175603,0.094146721,59.7,33.3491,121.26,,,
T,0.144724461,0.095275717,64.1,33.4887,139.57,,,
T,0.144903134,0.096026362,76.6,33.5746,85.86,,,
T,0.145266898,0.096966173,68.8,33.6867,112.08,,,
T,0.145630668,0.097905990,68.8,33.7987,112.09,,,
T,0.145811469,0.098469477,72.2,33.8646,65.84,,,
T,0.145992286,0.099032958,72.2,33.9304,65.84,,,
T,0.146166668,0.100157905,81.2,34.0571,126.70,,,
T,0.146155956,0.101093648,90.7,34.1613,104.17,,,
T,0.146140969,0.102403693,90.7,34.3071,145.84,,,
T,0.146132403,0.103152290,90.7,34.3905,83.34,,,
T,0.146123848,0.103900871,90.7,34.4738,83.34,,,
T,0.145930189,0.104460281,109.1,34.5397,65.85,,,
T,0.145734394,0.105206827,104.7,34.6255,85.88,,,
T,0.145723687,0.106142554,90.7,34.7297,104.17,,,
T,0.145527905,0.106889089,104.7,34.8156,85.88,,,
T,0.145329971,0.107822767,102.0,34.9218,106.22,,,
T,0.145319266,0.108758474,90.7,35.0260,104.17,,,
T,0.145121342,0.109692136,102.0,35.1322,106.21,,,
T,0.144736290,0.110623716,112.5,35.2443,112.10,,,
T,0.144536362,0.111744449,100.1,35.3710,126.70,,,
T,0.144153451,0.112488879,117.2,35.4640,93.06,,,
T,0.143579090,0.113605514,117.2,35.6036,139.59,,,
T,0.142817524,0.114720095,124.3,35.7536,149.95,,,
T,0.142249511,0.115275335,135.7,35.8417,88.12,,,
T,0.141496419,0.115641410,154.1,35.9344,92.71,,,
T,0.140745440,0.115820356,166.6,36.0198,85.39,,,
T,0.139992344,0.116186421,154.1,36.1125,92.71,,,
T,0.139239265,0.116552482,154.1,36.2052,92.71,,,
T,0.138490429,0.116544314,180.6,36.2880,82.81,,,
T,0.137926696,0.116725293,162.2,36.3535,65.51,,,
T,0.137177860,0.116717115,180.6,36.4363,82.81,,,
T,0.136241834,0.116706889,180.6,36.5399,103.51,,,
T,0.135305800,0.116696665,180.6,36.6434,103.51,,,
T,0.134556994,0.116688485,180.6,36.7262,82.80,,,
T,0.133808192,0.116680307,180.6,36.8090,82.80,,,
T,0.133059137,0.116672209,180.6,36.8918,82.83,,,
T,0.131936030,0.116659906,180.6,37.0160,124.19,,,
T,0.130998021,0.116836766,169.3,37.1216,105.57,,,
T,0.130247183,0.117015679,166.6,37.2069,85.38,,,
T,0.129304950,0.117566762,149.7,37.3279,120.91,,,
T,0.128554121,0.117745666,166.6,37.4132,85.38,,,
T,0.127986260,0.118300841,135.6,37.5013,88.10,,,
T,0.127046164,0.118664798,158.8,37.6129,111.57,,,
T,0.126667583,0.119034911,135.6,37.6716,58.74,,,
T,0.125910442,0.119775124,135.6,37.7891,117.47,,,
T,0.125344702,0.120143174,147.0,37.8639,74.78,,,
T,0.124778962,0.120511227,147.0,37.9387,74.78,,,
T,0.124028180,0.120690118,166.6,38.0240,85.37,,,
T,0.123090243,0.120866950,169.3,38.1296,105.56,,,
T,0.122341588,0.120858732,180.6,38.2124,82.79,,,
T,0.121592936,0.120850517,180.6,38.2952,82.79,,,
T,0.120844275,0.120842299,180.6,38.3780,82.79,,,
T,0.120469977,0.120838188,180.6,38.4193,41.39,,,
T,0.119351306,0.120451645,199.1,38.5503,130.97,,,
T,0.118417673,0.120254257,191.9,38.6559,105.55,,,
T,0.117484041,0.120056875,191.9,38.7614,105.55,,,
T,0.116548321,0.120046590,180.6,38.8649,103.47,,,
T,0.115612592,0.120036307,180.6,38.9684,103.47,,,
T,0.115049052,0.120217233,162.2,39.0338,65.49,,,
T,0.114483399,0.120585256,147.0,39.1086,74.77,,,
T,0.113541385,0.121136247,149.7,39.2295,120.88,,,
T,0.112599381,0.121687230,149.7,39.3504,120.88,,,
T,0.111846624,0.122053181,154.1,39.4430,92.67,,,
T,0.110715388,0.122789180,147.0,39.5926,149.53,,,
T,0.109775512,0.123153064,158.8,39.7041,111.54,,,
T,0.109020709,0.123706077,143.8,39.8078,103.71,,,
T,0.108268014,0.124072001,154.1,39.9005,92.66,,,
T,0.107700340,0.124627065,135.6,39.9886,88.08,,,
T,0.107132679,0.125182128,135.6,40.0766,88.08,,,
T,0.106373687,0.126109299,129.3,40.2097,133.03,,,
T,0.105614708,0.127036458,129.3,40.3427,133.02,,,
T,0.104862033,0.127402364,154.1,40.4354,92.66,,,
T,0.104109363,0.127768268,154.1,40.5280,92.66,,,
T,0.103354587,0.128321249,143.8,40.6317,103.70,,,
T,0.102601932,0.128687144,154.1,40.7244,92.66,,,
T,0.101662153,0.129050976,158.8,40.8359,111.53,,,
T,0.100907404,0.129603947,143.8,40.9396,103.70,,,
T,0.100341868,0.129971904,147.0,41.0144,74.75,,,
T,0.099402115,0.130335728,158.8,41.1259,111.53,,,
T,0.098462350,0.130699556,158.8,41.2374,111.53,,,
T,0.097896859,0.131067497,146.9,41.3122,74.75,,,
T,0.096957167,0.131431294,158.8,41.4237,111.52,,,
T,0.095830376,0.131793017,162.2,41.5546,130.94,,,
T,0.094888586,0.132343886,149.7,41.6755,120.85,,,
T,0.094321004,0.132898896,135.6,41.7635,88.07,,,
T,0.093942660,0.133268889,135.6,41.8222,58.71,,,
T,0.092994628,0.134380957,130.4,41.9845,162.22,,,
T,0.092052882,0.134931806,149.7,42.1053,120.85,,,
T,0.091296130,0.135671790,135.6,42.2227,117.42,,,
T,0.090728580,0.136226780,135.6,42.3108,88.06,,,
T,0.090161023,0.136781766,135.6,42.3989,88.06,,,
T,0.089595564,0.137149683,146.9,42.4736,74.75,,,
T,0.088838804,0.137889670,135.6,42.5910,117.42,,,
T,0.088460453,0.138259653,135.6,42.6497,58.71,,,
T,0.087892923,0.138814626,135.6,42.7378,88.06,,,
T,0.087136209,0.139554591,135.6,42.8552,117.42,,,
T,0.086194534,0.140105403,149.7,42.9760,120.84,,,
T,0.085629098,0.140473305,146.9,43.0508,74.74,,,
T,0.084876592,0.140839130,154.1,43.1434,92.64,,,
T,0.083936998,0.141202878,158.8,43.2549,111.51,,,
T,0.083186586,0.141381637,166.6,43.3403,85.33,,,
T,0.082247002,0.141745379,158.8,43.4518,111.51,,,
T,0.081307428,0.142109121,158.8,43.5633,111.50,,,
T,0.080554935,0.142474939,154.1,43.6559,92.64,,,
T,0.079802444,0.142840752,154.1,43.7485,92.64,,,
T,0.079054126,0.142832446,180.6,43.8313,82.75,,,
T,0.078114579,0.143196179,158.8,43.9428,111.50,,,
T,0.077172945,0.143746971,149.7,44.0636,120.83,,,
T,0.076611726,0.143740739,180.6,44.1257,62.06,,,
T,0.075859276,0.144106541,154.1,44.2183,92.63,,,
T,0.074732694,0.144468187,162.2,44.3492,130.91,,,
T,0.073604025,0.145016888,154.1,44.4882,138.95,,,
T,0.072853668,0.145195629,166.6,44.5735,85.32,,,
T,0.071914164,0.145559349,158.8,44.6850,111.50,,,
T,0.070976741,0.145736012,169.3,44.7905,105.50,,,
T,0.070226393,0.145914752,166.6,44.8758,85.32,,,
T,0.069478125,0.145906436,180.6,44.9586,82.74,,,
T,0.068729863,0.145898121,180.6,45.0413,82.74,,,
T,0.067792452,0.146074781,169.3,45.1468,105.50,,,
T,0.066857126,0.146064387,180.6,45.2503,103.43,,,
T,0.065919724,0.146241047,169.3,45.3558,105.50,,,
T,0.065358542,0.146234808,180.6,45.4178,62.06,,,
T,0.064419076,0.146598517,158.8,45.5293,111.49,,,
T,0.063668753,0.146777252,166.6,45.6146,85.32,,,
T,0.062731375,0.146953906,169.3,45.7201,105.50,,,
T,0.061978972,0.147319694,154.1,45.8127,92.63,,,
T,0.061039514,0.147683401,158.8,45.9242,111.49,,,
T,0.060287116,0.148049187,154.1,46.0169,92.63,,,
T,0.059347665,0.148412892,158.8,46.1284,111.49,,,
T,0.058597352,0.148591624,166.6,46.2137,85.32,,,
T,0.057655819,0.149142380,149.7,46.3345,120.82,,,
T,0.056529317,0.149504002,162.2,46.4654,130.91,,,
T,0.055774847,0.150056836,143.8,46.5691,103.67,,,
T,0.054835406,0.150420535,158.8,46.6806,111.49,,,
T,0.053893893,0.150971285,149.7,46.8014,120.82,,,
T,0.053330651,0.151152094,162.2,46.8668,65.45,,,
T,0.052204169,0.151513710,162.2,46.9977,130.90,,,
T,0.051262660,0.152064458,149.7,47.1185,120.82,,,
T,0.050323235,0.152428155,158.8,47.2300,111.49,,,
T,0.049196753,0.152789769,162.2,47.3609,130.90,,,
T,0.048444383,0.153155546,154.1,47.4536,92.62,,,
T,0.047692012,0.153521322,154.1,47.5462,92.62,,,
T,0.046750512,0.154072067,149.7,47.6670,120.82,,,
T,0.045809013,0.154622812,149.7,47.7878,120.82,,,
T,0.045243694,0.154990667,146.9,47.8625,74.73,,,
T,0.044491329,0.155356443,154.1,47.9552,92.62,,,
T,0.043738965,0.155722218,154.1,48.0478,92.62,,,
T,0.042984517,0.156275044,143.8,48.1515,103.67,,,
T,0.042234241,0.156453771,166.6,48.2368,85.31,,,
T,0.041290664,0.157191567,142.0,48.3696,132.78,,,
T,0.040723270,0.157746476,135.6,48.4576,88.05,,,
T,0.039968827,0.158299303,143.8,48.5613,103.67,,,
T,0.039588481,0.158856291,124.3,48.6362,74.92,,,
T,0.038836118,0.159222068,154.1,48.7288,92.62,,,
T,0.038081673,0.159774894,143.8,48.8325,103.67,,,
T,0.037140177,0.160325641,149.7,48.9533,120.82,,,
T,0.036385733,0.160878468,143.8,49.0570,103.67,,,
T,0.035444237,0.161429214,149.7,49.1778,120.82,,,
T,0.034878924,0.161797072,146.9,49.2525,74.73,,,
T,0.034126557,0.162162849,154.1,49.3451,92.62,,,
T,0.033374194,0.162528625,154.1,49.4377,92.62,,,
T,0.032619747,0.163081455,143.8,49.5414,103.67,,,
T,0.031869462,0.163260184,166.6,49.6267,85.31,,,
T,0.031117094,0.163625966,154.1,49.7193,92.62,,,
T,0.030179756,0.163802616,169.3,49.8248,105.49,,,
T,0.029429469,0.163981348,166.6,49.9102,85.31,,,
T,0.028681263,0.163973026,180.6,49.9929,82.74,,,
T,0.027933055,0.163964706,180.6,50.0756,82.74,,,
T,0.027184847,0.163956384,180.6,50.1584,82.74,,,
T,0.026436640,0.163948064,180.6,50.2411,82.74,,,
T,0.025499297,0.164124716,169.3,50.3466,105.50,,,
T,0.024749006,0.164303447,166.6,50.4319,85.32,,,
T,0.023996632,0.164669230,154.1,50.5245,92.62,,,
T,0.023246337,0.164847963,166.6,50.6099,85.32,,,
T,0.022493960,0.165213749,154.1,50.7025,92.62,,,
T,0.021928633,0.165581617,146.9,50.7772,74.73,,,
T,0.021174161,0.166134465,143.8,50.8809,103.67,,,
T,0.020606742,0.166689393,135.6,50.9689,88.05,,,
T,0.020411352,0.167435534,104.7,51.0547,85.82,,,
T,0.020028904,0.168179599,117.2,51.1477,93.00,,,
T,0.020020566,0.168927819,90.6,51.2310,83.30,,,
T,0.019638116,0.169671886,117.2,51.3240,93.00,,,
T,0.019255666,0.170415956,117.2,51.4170,93.00,,,
T,0.019060270,0.171162105,104.7,51.5029,85.82,,,
T,0.018862792,0.172095310,101.9,51.6090,106.15,,,
T,0.018667398,0.172841463,104.7,51.6949,85.83,,,
T,0.018656973,0.173776746,90.6,51.7990,104.12,,,
T,0.018646564,0.174712025,90.6,51.9031,104.12,,,
T,0.018638219,0.175460263,90.6,51.9864,83.30,,,
T,0.018627789,0.176395559,90.6,52.0905,104.12,,,
T,0.018619443,0.177143810,90.6,52.1738,83.30,,,
T,0.018611098,0.177892056,90.6,52.2571,83.30,,,
T,0.018602753,0.178640303,90.6,52.3404,83.30,,,
T,0.018403177,0.179760599,100.1,52.4671,126.65,,,
T,0.018392746,0.180695913,90.6,52.5712,104.13,,,
T,0.018571459,0.181446241,76.6,52.6570,85.83,,,
T,0.018565200,0.182007435,90.6,52.7195,62.48,,,
T,0.018552683,0.183129821,90.6,52.8444,124.95,,,
T,0.018542252,0.184065142,90.6,52.9486,104.13,,,
T,0.018529734,0.185187535,90.6,53.0735,124.95,,,
T,0.018519303,0.186122866,90.6,53.1777,104.13,,,
T,0.018508866,0.187058200,90.6,53.2818,104.13,,,
T,0.018502602,0.187619411,90.6,53.3443,62.48,,,
T,0.018492159,0.188554769,90.6,53.4484,104.13,,,
T,0.018485894,0.189115982,90.6,53.5109,62.48,,,
T,0.018475452,0.190051344,90.6,53.6150,104.13,,,
T,0.018654160,0.190801713,76.6,53.7008,85.84,,,
T,0.018832868,0.191552081,76.6,53.7867,85.84,,,
T,0.018824514,0.192300378,90.6,53.8700,83.31,,,
T,0.019001138,0.193237825,79.3,53.9761,106.17,,,
T,0.019175672,0.194362350,81.2,54.1028,126.66,,,
T,0.019354382,0.195112729,76.6,54.1886,85.84,,,
T,0.019533092,0.195863107,76.6,54.2745,85.84,,,
T,0.019522652,0.196798495,90.6,54.3786,104.13,,,
T,0.019699277,0.197735960,79.3,54.4848,106.17,,,
T,0.019688829,0.198671374,90.6,54.5889,104.14,,,
T,0.019869624,0.199234698,72.2,54.6547,65.82,,,
T,0.019859175,0.200170123,90.6,54.7589,104.14,,,
T,0.020037882,0.200920541,76.6,54.8447,85.84,,,
T,0.020403655,0.201673031,64.1,54.9377,93.02,,,
T,0.020582364,0.202423451,76.6,55.0236,85.84,,,
T,0.020763161,0.202986786,72.2,55.0894,65.82,,,
T,0.020752715,0.203922227,90.6,55.1935,104.14,,,
T,0.020931426,0.204672653,76.6,55.2794,85.84,,,
T,0.021108047,0.205610180,79.3,55.3856,106.18,,,
T,0.021097601,0.206545628,90.6,55.4897,104.14,,,
T,0.021274223,0.207483164,79.3,55.5959,106.18,,,
T,0.021450848,0.208420696,79.3,55.7020,106.18,,,
T,0.021814534,0.209360324,68.8,55.8141,112.06,,,
T,0.021804081,0.210295835,90.6,55.9183,104.15,,,
T,0.021982789,0.211046309,76.6,56.0041,85.85,,,
T,0.021976517,0.211607621,90.6,56.0666,62.49,,,
T,0.022155225,0.212358110,76.6,56.1524,85.85,,,
T,0.022144773,0.213293641,90.6,56.2566,104.15,,,
T,0.022132231,0.214416272,90.6,56.3816,124.98,,,
T,0.022121779,0.215351804,90.6,56.4857,104.15,,,
T,0.022113417,0.216100242,90.6,56.5690,83.32,,,
T,0.021913802,0.217220816,100.1,56.6957,126.68,,,
T,0.021529200,0.218152231,112.4,56.8078,112.07,,,
T,0.021146691,0.218896513,117.2,56.9008,93.02,,,
T,0.020951245,0.219642917,104.7,56.9867,85.85,,,
T,0.020753710,0.220576416,101.9,57.0929,106.19,,,
T,0.020747426,0.221137808,90.6,57.1553,62.50,,,
T,0.020736963,0.222073414,90.6,57.2595,104.16,,,
T,0.020915668,0.222823979,76.6,57.3454,85.86,,,
T,0.021281454,0.223576612,64.1,57.4384,93.03,,,
T,0.021836412,0.224144192,45.6,57.5265,88.08,,,
T,0.022578446,0.224713866,37.5,57.6302,103.70,,,
T,0.023133403,0.225281466,45.6,57.7183,88.08,,,
T,0.023688363,0.225849081,45.6,57.8063,88.08,,,
T,0.024241234,0.226603809,53.8,57.9102,103.90,,,
T,0.024983277,0.227173503,37.5,58.0139,103.70,,,
T,0.025542422,0.227366854,19.1,58.0794,65.47,,,
T,0.026288647,0.227562290,14.7,58.1647,85.33,,,
T,0.027032783,0.227944842,27.2,58.2574,92.65,,,
T,0.027966087,0.228142355,11.9,58.3629,105.52,,,
T,0.028523147,0.228522842,34.3,58.4377,74.75,,,
T,0.029454367,0.228907474,22.4,58.5492,111.52,,,
T,0.030385587,0.229292117,22.4,58.6607,111.52,,,
T,0.031131817,0.229487549,14.7,58.7460,85.33,,,
T,0.031878047,0.229682981,14.7,58.8314,85.33,,,
T,0.032813444,0.229693358,0.6,58.9348,103.44,,,
T,0.033561758,0.229701679,0.6,59.0175,82.75,,,
T,0.034495067,0.229899231,12.0,59.1231,105.52,,,
T,0.035054219,0.230092618,19.1,59.1885,65.47,,,
T,0.035987529,0.230290169,12.0,59.2940,105.52,,,
T,0.036729598,0.230859908,37.5,59.3978,103.71,,,
T,0.037473752,0.231242535,27.2,59.4904,92.65,,,
T,0.038215829,0.231812301,37.5,59.5941,103.71,,,
T,0.038770830,0.232379980,45.6,59.6822,88.09,,,
T,0.039327913,0.232760527,34.3,59.7570,74.76,,,
T,0.040070001,0.233330301,37.5,59.8607,103.71,,,
T,0.040814168,0.233712932,27.2,59.9533,92.66,,,
T,0.041556263,0.234282714,37.5,60.0571,103.71,,,
T,0.042298357,0.234852493,37.5,60.1608,103.71,,,
T,0.042853375,0.235420192,45.6,60.2489,88.09,,,
T,0.043408397,0.235987898,45.6,60.3369,88.09,,,
T,0.043776335,0.236553518,57.0,60.4119,74.97,,,
T,0.044142202,0.237306296,64.1,60.5050,93.05,,,
T,0.044508066,0.238059084,64.1,60.5980,93.05,,,
T,0.044688928,0.238622627,72.2,60.6639,65.84,,,
T,0.044676473,0.239745559,90.6,60.7889,125.01,,,
T,0.044666097,0.240681348,90.6,60.8931,104.18,,,
T,0.044655722,0.241617145,90.6,60.9972,104.18,,,
T,0.044460328,0.242363743,104.7,61.0831,85.87,,,
T,0.044264940,0.243110336,104.7,61.1690,85.87,,,
T,0.044069550,0.243856948,104.7,61.2549,85.87,,,
T,0.043689140,0.244414297,124.3,61.3298,74.96,,,
T,0.043306654,0.245158836,117.2,61.4229,93.05,,,
T,0.042549982,0.245899188,135.6,61.5403,117.44,,,
T,0.041795383,0.246452395,143.8,61.6440,103.70,,,
T,0.041040778,0.247005581,143.8,61.7477,103.70,,,
T,0.040101153,0.247369516,158.8,61.8592,111.52,,,
T,0.039531554,0.248111984,127.5,61.9631,103.91,,,
T,0.038964032,0.248667268,135.6,62.0512,88.08,,,
T,0.038394428,0.249409750,127.5,62.1551,103.92,,,
T,0.037824817,0.250152222,127.5,62.2591,103.91,,,
T,0.037442300,0.250896792,117.2,62.3521,93.05,,,
T,0.037251041,0.251269080,117.2,62.3986,46.53,,,
T,0.036679341,0.252198763,121.6,62.5199,121.27,,,
T,0.036483917,0.252945455,104.7,62.6058,85.88,,,
T,0.035914289,0.253688009,127.5,62.7097,103.92,,,
T,0.035531759,0.254432654,117.2,62.8028,93.06,,,
T,0.034962119,0.255175204,127.5,62.9067,103.92,,,
T,0.034209549,0.255541281,154.1,62.9994,92.66,,,
T,0.033461144,0.255532924,180.6,63.0821,82.76,,,
T,0.032710655,0.255711825,166.6,63.1675,85.34,,,
T,0.031960162,0.255890726,166.6,63.2528,85.34,,,
T,0.031213844,0.255695233,194.7,63.3381,85.34,,,
T,0.030469613,0.255312521,207.2,63.4308,92.67,,,
T,0.029914578,0.254744680,225.7,63.5189,88.10,,,
T,0.029172443,0.254174771,217.5,63.6226,103.73,,,
T,0.028428222,0.253792072,207.2,63.7153,92.67,,,
T,0.027686095,0.253222169,217.5,63.8190,103.72,,,
T,0.027128981,0.252841544,214.3,63.8938,74.77,,,
T,0.026386859,0.252271676,217.5,63.9975,103.72,,,
T,0.026021028,0.251518777,244.1,64.0906,93.06,,,
T,0.025276820,0.251136104,207.2,64.1832,92.66,,,
T,0.024528427,0.251127800,180.6,64.2660,82.76,,,
T,0.023595029,0.250930251,191.9,64.3715,105.53,,,
T,0.022472440,0.250917813,180.6,64.4957,124.14,,,
T,0.021724043,0.250909533,180.6,64.5784,82.76,,,
T,0.020971449,0.251275648,154.1,64.6711,92.66,,,
T,0.020590954,0.251833083,124.3,64.7461,74.97,,,
T,0.020393368,0.252766977,101.9,64.8523,106.23,,,
T,0.020382874,0.253702990,90.6,64.9565,104.20,,,
T,0.020185274,0.254636938,101.9,65.0627,106.24,,,
T,0.020174779,0.255572987,90.6,65.1669,104.21,,,
T,0.020166383,0.256321814,90.6,65.2503,83.36,,,
T,0.020160086,0.256883449,90.6,65.3128,62.52,,,
T,0.020149589,0.257819512,90.6,65.4170,104.21,,,
T,0.020139093,0.258755572,90.6,65.5212,104.21,,,
T,0.020128597,0.259691643,90.6,65.6255,104.21,,,
T,0.020116001,0.260814954,90.6,65.7505,125.05,,,
T,0.020109704,0.261376605,90.6,65.8130,62.53,,,
T,0.020284229,0.262501936,81.2,65.9398,126.75,,,
T,0.020275827,0.263250870,90.6,66.0232,83.38,,,
T,0.020267427,0.263999778,90.6,66.1065,83.37,,,
T,0.020254820,0.265123237,90.6,66.2316,125.07,,,
T,0.020242228,0.266246634,90.6,66.3567,125.06,,,
T,0.020416727,0.267372182,81.2,66.4834,126.77,,,
T,0.020408324,0.268121156,90.6,66.5668,83.38,,,
T,0.020395720,0.269244630,90.6,66.6919,125.07,,,
T,0.020574438,0.269995684,76.6,66.7778,85.91,,,
T,0.020561836,0.271119189,90.6,66.9029,125.08,,,
T,0.020551333,0.272055450,90.6,67.0071,104.23,,,
T,0.020540831,0.272991717,90.6,67.1113,104.23,,,
T,0.020532425,0.273740745,90.6,67.1947,83.39,,,
T,0.020709053,0.274679095,79.3,67.3010,106.27,,,
T,0.020698542,0.275615468,90.6,67.4052,104.24,,,
T,0.020875158,0.276553907,79.3,67.5115,106.28,,,
T,0.021047573,0.277866911,82.5,67.6589,147.40,,,
T,0.021219991,0.279179939,82.5,67.8063,147.40,,,
T,0.021396614,0.280118431,79.3,67.9126,106.28,,,
T,0.021571139,0.281244212,81.2,68.0394,126.80,,,
T,0.021932800,0.282372078,72.2,68.1712,131.77,,,
T,0.022109431,0.283310600,79.3,68.2775,106.29,,,
T,0.022288164,0.284061856,76.6,68.3634,85.93,,,
T,0.022466898,0.284813113,76.6,68.4493,85.93,,,
T,0.022641434,0.285938996,81.2,68.5761,126.81,,,
T,0.022818062,0.286877651,79.3,68.6824,106.30,,,
T,0.022805454,0.288001560,90.6,68.8075,125.12,,,
T,0.023165028,0.289316951,74.7,68.9593,151.73,,,
T,0.023154524,0.290253576,90.6,69.0636,104.27,,,
T,0.023146120,0.291002886,90.6,69.1470,83.42,,,
T,0.023322760,0.291941600,79.3,69.2533,106.31,,,
T,0.023303854,0.293627588,90.6,69.4410,187.69,,,
T,0.023291250,0.294751609,90.6,69.5661,125.13,,,
T,0.023274443,0.296250323,90.6,69.7330,166.85,,,
T,0.023080990,0.296810291,109.1,69.7989,65.90,,,
T,0.022509017,0.297740895,121.6,69.9202,121.37,,,
T,0.022311344,0.298675638,101.9,70.0266,106.33,,,
T,0.021928618,0.299420959,117.2,70.1197,93.14,,,
T,0.021545883,0.300166320,117.2,70.2128,93.14,,,
T,0.021161039,0.301099057,112.4,70.3250,112.21,,,
T,0.020965456,0.301846494,104.7,70.4110,85.97,,,
T,0.020769870,0.302593955,104.7,70.4970,85.97,,,
T,0.020572176,0.303528783,101.9,70.6033,106.34,,,
T,0.020561643,0.304465691,90.6,70.7076,104.30,,,
T,0.020368157,0.305025791,109.1,70.7735,65.92,,,
T,0.020168349,0.306148049,100.1,70.9004,126.87,,,
T,0.020159928,0.306897542,90.6,70.9839,83.44,,,
T,0.020151494,0.307647165,90.6,71.0673,83.45,,,
T,0.020140958,0.308584138,90.6,71.1716,104.31,,,
T,0.019943234,0.309519188,101.9,71.2780,106.36,,,
T,0.019932690,0.310456252,90.6,71.3823,104.32,,,
T,0.019924252,0.311205927,90.6,71.4658,83.46,,,
T,0.019726531,0.312140959,101.9,71.5721,106.36,,,
T,0.019526694,0.313263445,100.1,71.6990,126.89,,,
T,0.019518255,0.314013133,90.6,71.7825,83.46,,,
T,0.019505597,0.315137696,90.6,71.9077,125.19,,,
T,0.019118579,0.316258188,109.1,72.0395,131.87,,,
T,0.019108027,0.317195350,90.6,72.1439,104.33,,,
T,0.019093252,0.318507427,90.6,72.2899,146.07,,,
T,0.019078453,0.319819635,90.6,72.4360,146.08,,,
T,0.019070004,0.320569492,90.6,72.5195,83.48,,,
T,0.019061553,0.321319350,90.6,72.6030,83.48,,,
T,0.019048877,0.322444171,90.6,72.7282,125.22,,,
T,0.019040424,0.323194072,90.6,72.8117,83.48,,,
T,0.019029863,0.324131440,90.6,72.9160,104.35,,,
T,0.019019299,0.325068839,90.6,73.0204,104.36,,,
T,0.019012960,0.325631282,90.6,73.0830,62.61,,,
T,0.018815195,0.326566662,101.9,73.1894,106.40,,,
T,0.018804630,0.327504082,90.6,73.2938,104.36,,,
T,0.018789836,0.328816522,90.6,73.4399,146.11,,,
T,0.018781384,0.329566503,90.6,73.5234,83.49,,,
T,0.018958018,0.330506121,79.4,73.6298,106.41,,,
T,0.018949558,0.331256195,90.6,73.7133,83.50,,,
T,0.019315515,0.332010380,64.1,73.8065,93.20,,,
T,0.019494269,0.332762528,76.6,73.8925,86.03,,,
T,0.019485814,0.333512639,90.6,73.9760,83.51,,,
T,0.019477357,0.334262750,90.6,74.0595,83.51,,,
T,0.019656115,0.335014932,76.6,74.1455,86.03,,,
T,0.019834876,0.335767109,76.6,74.2316,86.03,,,
T,0.020013638,0.336519318,76.6,74.3176,86.04,,,
T,0.020379621,0.337273575,64.1,74.4108,93.21,,,
T,0.020558389,0.338025785,76.6,74.4969,86.04,,,
T,0.020737161,0.338778026,76.6,74.5829,86.04,,,
T,0.020726595,0.339715740,90.6,74.6873,104.39,,,
T,0.020716040,0.340653516,90.6,74.7917,104.40,,,
T,0.020707584,0.341403814,90.6,74.8752,83.53,,,
T,0.020699130,0.342154125,90.6,74.9588,83.53,,,
T,0.020690673,0.342904455,90.6,75.0423,83.53,,,
T,0.020682218,0.343654780,90.6,75.1258,83.53,,,
T,0.020673762,0.344405128,90.6,75.2093,83.53,,,
T,0.020852536,0.345157545,76.6,75.2954,86.06,,,
T,0.021031316,0.345909949,76.6,75.3815,86.06,,,
T,0.021024976,0.346472751,90.6,75.4441,62.65,,,
T,0.021201645,0.347412772,79.4,75.5506,106.45,,,
T,0.021195306,0.347975576,90.6,75.6132,62.65,,,
T,0.021937919,0.348546592,37.6,75.7171,103.84,,,
T,0.022116720,0.349298971,76.6,75.8031,86.06,,,
T,0.022108264,0.350049509,90.6,75.8867,83.55,,,
T,0.022101940,0.350612215,90.6,75.9493,62.64,,,
T,0.021151179,0.354352370,104.3,76.3787,429.42,,,
T,0.021137301,0.355959071,90.5,76.5576,178.86,,,
T,0.020722513,0.357562479,104.5,76.7419,184.29,,,
T,0.019505896,0.359159190,127.3,76.9648,222.91,,,
T,0.019091085,0.360762669,104.5,77.1491,184.30,,,
T,0.019073703,0.362771245,90.5,77.3727,223.60,,,
T,0.019056327,0.364779844,90.5,77.5963,223.60,,,
T,0.019038945,0.366788551,90.5,77.8199,223.62,,,
T,0.019021568,0.368797288,90.5,78.0436,223.62,,,
T,0.019004213,0.370806080,90.5,78.2672,223.63,,,
T,0.018986833,0.372814917,90.5,78.4908,223.63,,,
T,0.018972891,0.374422189,90.5,78.6697,178.93,,,
T,0.019359924,0.376032975,76.5,78.8541,184.35,,,
T,0.019746970,0.377643738,76.5,79.0384,184.35,,,
T,0.020134020,0.379254614,76.5,79.2228,184.36,,,
T,0.020120109,0.380862131,90.5,79.4017,178.95,,,
T,0.020507174,0.382473072,76.5,79.5861,184.37,,,
T,0.020489793,0.384482577,90.5,79.8098,223.71,,,
T,0.021281333,0.385695012,56.9,79.9707,160.86,,,
T,0.022069416,0.387309362,64.0,80.1704,199.72,,,
T,0.022857513,0.388923937,64.0,80.3701,199.75,,,
T,0.022840162,0.390933647,90.5,80.5939,223.73,,,
T,0.022822813,0.392943414,90.5,80.8176,223.73,,,
T,0.022805464,0.394953241,90.5,81.0413,223.74,,,
T,0.022795030,0.396159273,90.5,81.1756,134.26,,,
T,0.022376658,0.398166208,101.8,81.4038,228.15,,,
T,0.021560702,0.399767711,117.0,81.6036,199.81,,,
T,0.021557224,0.400169781,90.5,81.6483,44.76,,,