$GPRMC,091425.000,A,5907.6884,N,01016.4577,E,0.00,217.27,180415,,,A*63
$GPRMC,091426.000,A,5907.6884,N,01016.4577,E,0.00,217.27,180415,,,A*60
$GPRMC,091429.000,A,5907.6884,N,01016.4577,E,0.00,217.27,180415,,,A*6F
$GPRMC,091433.000,A,5907.6884,N,01016.4577,E,0.00,217.27,180415,,,A*64
$GPRMC,091434.000,A,5907.6884,N,01016.4577,E,0.00,217.27,180415,,,A*63
$GPRMC,091435.000,A,5907.6884,N,01016.4577,E,0.00,217.27,180415,,,A*62
$GPRMC,091436.000,A,5907.6884,N,01016.4577,E,0.00,217.27,180415,,,A*61
$GPRMC,091437.000,A,5907.6884,N,01016.4577,E,0.00,217.27,180415,,,A*60
$GPRMC,091438.000,A,5907.6884,N,01016.4577,E,0.00,217.27,180415,,,A*6F
$GPRMC,091439.000,A,5907.6884,N,01016.4577,E,0.00,217.27,180415,,,A*6E
$GPRMC,091440.000,A,5907.6884,N,01016.4577,E,0.01,217.27,180415,,,A*61
$GPRMC,091441.000,A,5907.6884,N,01016.4577,E,0.06,217.27,180415,,,A*67
$GPRMC,091442.000,A,5907.6882,N,01016.4575,E,1.05,217.27,180415,,,A*62
$GPRMC,091443.000,A,5907.6880,N,01016.4571,E,0.01,217.27,180415,,,A*60
$GPRMC,091444.000,A,5907.6880,N,01016.4571,E,0.01,217.27,180415,,,A*67
$GPRMC,091445.000,A,5907.6880,N,01016.4571,E,0.12,217.27,180415,,,A*64
$GPRMC,091446.000,A,5907.6877,N,01016.4567,E,0.26,217.27,180415,,,A*6F
$GPRMC,091447.000,A,5907.6872,N,01016.4555,E,0.31,217.27,180415,,,A*6C
$GPRMC,091448.000,A,5907.6868,N,01016.4534,E,3.61,220.57,180415,,,A*6A
$GPRMC,091449.000,A,5907.6866,N,01016.4513,E,3.60,224.94,180415,,,A*6A
$GPRMC,091450.000,A,5907.6866,N,01016.4487,E,4.72,229.63,180415,,,A*6F
$GPRMC,091451.000,A,5907.6867,N,01016.4458,E,4.75,234.20,180415,,,A*61
$GPRMC,091452.000,A,5907.6869,N,01016.4431,E,4.58,238.44,180415,,,A*62
$GPRMC,091453.000,A,5907.6870,N,01016.4405,E,4.60,242.62,180415,,,A*6E
$GPRMC,091454.000,A,5907.6871,N,01016.4378,E,5.42,268.90,180415,,,A*61
$GPRMC,091455.000,A,5907.6868,N,01016.4348,E,5.70,255.43,180415,,,A*6A
$GPRMC,091456.000,A,5907.6861,N,01016.4317,E,6.66,237.73,180415,,,A*69
$GPRMC,091457.000,A,5907.6848,N,01016.4289,E,7.40,220.57,180415,,,A*60
$GPRMC,091458.000,A,5907.6830,N,01016.4265,E,7.46,210.98,180415,,,A*64
$GPRMC,091459.000,A,5907.6811,N,01016.4244,E,8.23,207.73,180415,,,A*6A
$GPRMC,091500.000,A,5907.6789,N,01016.4223,E,9.02,208.08,180415,,,A*69
$GPRMC,091501.000,A,5907.6766,N,01016.4198,E,9.77,209.16,180415,,,A*66
$GPRMC,091502.000,A,5907.6741,N,01016.4170,E,10.37,211.79,180415,,,A*5A
$GPRMC,091503.000,A,5907.6717,N,01016.4136,E,10.44,212.35,180415,,,A*55
$GPRMC,091504.000,A,5907.6695,N,01016.4099,E,10.41,222.74,180415,,,A*5E
$GPRMC,091505.000,A,5907.6675,N,01016.4059,E,10.45,228.10,180415,,,A*51
$GPRMC,091506.000,A,5907.6656,N,01016.4014,E,10.44,232.17,180415,,,A*57
$GPRMC,091507.000,A,5907.6639,N,01016.3968,E,10.63,235.66,180415,,,A*5E
$GPRMC,091508.000,A,5907.6623,N,01016.3919,E,10.67,239.04,180415,,,A*50
$GPRMC,091509.000,A,5907.6608,N,01016.3869,E,10.27,242.28,180415,,,A*58
$GPRMC,091510.000,A,5907.6595,N,01016.3819,E,10.27,243.71,180415,,,A*5D
$GPRMC,091511.000,A,5907.6583,N,01016.3769,E,9.88,244.66,180415,,,A*6F

$GPRMC,091512.000,A,5907.6572,N,01016.3722,E,9.29,246.58,180415,,,A*69

$GPRMC,091513.000,A,5907.6563,N,01016.3676,E,8.52,252.43,180415,,,A*6A

$GPRMC,091514.000,A,5907.6560,N,01016.3632,E,8.04,268.16,180415,,,A*64

$GPRMC,091515.000,A,5907.6563,N,01016.3590,E,7.85,289.32,180415,,,A*62

$GPRMC,091516.000,A,5907.6575,N,01016.3554,E,7.90,313.27,180415,,,A*6C

$GPRMC,091517.000,A,5907.6594,N,01016.3528,E,8.42,330.50,180415,,,A*68

$GPRMC,091518.000,A,5907.6616,N,01016.3509,E,8.99,340.08,180415,,,A*61

$GPRMC,091519.000,A,5907.6644,N,01016.3495,E,9.42,343.59,180415,,,A*63

$GPRMC,091520.000,A,5907.6670,N,01016.3484,E,9.42,346.21,180415,,,A*64

$GPRMC,091521.000,A,5907.6697,N,01016.3475,E,9.50,348.86,180415,,,A*62

$GPRMC,091522.000,A,5907.6725,N,01016.3468,E,9.83,352.46,180415,,,A*6C

$GPRMC,091523.000,A,5907.6752,N,01016.3464,E,9.57,356.88,180415,,,A*6E

$GPRMC,091524.000,A,5907.6779,N,01016.3465,E,9.37,1.63,180415,,,A*63

$GPRMC,091525.000,A,5907.6805,N,01016.3469,E,9.05,5.50,180415,,,A*6F

$GPRMC,091526.000,A,5907.6831,N,01016.3477,E,8.85,9.35,180415,,,A*62

$GPRMC,091527.000,A,5907.6856,N,01016.3488,E,9.08,14.12,180415,,,A*5F
$GPRMC,091528.000,A,5907.6881,N,01016.3502,E,8.87,17.07,180415,,,A*58
$GPRMC,091529.000,A,5907.6905,N,01016.3519,E,9.23,21.04,180415,,,A*57
$GPRMC,091530.000,A,5907.6930,N,01016.3539,E,9.86,21.53,180415,,,A*56
$GPRMC,091531.000,A,5907.6956,N,01016.3558,E,9.80,20.56,180415,,,A*52
$GPRMC,091532.000,A,5907.6982,N,01016.3574,E,9.75,12.52,180415,,,A*59
$GPRMC,091533.000,A,5907.7009,N,01016.3581,E,10.18,0.84,180415,,,A*52
$GPRMC,091534.000,A,5907.7037,N,01016.3575,E,9.73,347.01,180415,,,A*6B
$GPRMC,091535.000,A,5907.7062,N,01016.3559,E,9.29,335.46,180415,,,A*6D
$GPRMC,091536.000,A,5907.7084,N,01016.3535,E,9.35,328.84,180415,,,A*63
$GPRMC,091537.000,A,5907.7106,N,01016.3506,E,9.56,325.69,180415,,,A*62
$GPRMC,091538.000,A,5907.7128,N,01016.3476,E,9.55,324.83,180415,,,A*61
$GPRMC,091539.000,A,5907.7150,N,01016.3446,E,9.38,323.53,180415,,,A*6D
$GPRMC,091540.000,A,5907.7171,N,01016.3415,E,9.41,323.24,180415,,,A*68
$GPRMC,091541.000,A,5907.7192,N,01016.3384,E,9.65,322.73,180415,,,A*6E
$GPRMC,091542.000,A,5907.7214,N,01016.3351,E,9.66,321.48,180415,,,A*60
$GPRMC,091543.000,A,5907.7235,N,01016.3318,E,9.63,320.77,180415,,,A*67
$GPRMC,091544.000,A,5907.7256,N,01016.3285,E,9.68,320.44,180415,,,A*6B
$GPRMC,091545.000,A,5907.7277,N,01016.3250,E,10.22,319.46,180415,,,A*5F
$GPRMC,091546.000,A,5907.7298,N,01016.3214,E,10.05,318.52,180415,,,A*5C
$GPRMC,091547.000,A,5907.7319,N,01016.3178,E,9.99,318.44,180415,,,A*66

$GPRMC,091548.000,A,5907.7341,N,01016.3141,E,10.27,318.52,180415,,,A*54
$GPRMC,091549.000,A,5907.7362,N,01016.3103,E,10.74,318.72,180415,,,A*56
$GPRMC,091550.000,A,5907.7385,N,01016.3064,E,10.78,319.11,180415,,,A*5F
$GPRMC,091551.000,A,5907.7407,N,01016.3025,E,10.50,319.53,180415,,,A*5A
$GPRMC,091552.000,A,5907.7428,N,01016.2986,E,11.03,319.56,180415,,,A*57
$GPRMC,091553.000,A,5907.7451,N,01016.2946,E,11.37,319.37,180415,,,A*54
$GPRMC,091554.000,A,5907.7474,N,01016.2905,E,11.00,318.70,180415,,,A*55
$GPRMC,091555.000,A,5907.7496,N,01016.2865,E,10.97,317.98,180415,,,A*59
$GPRMC,091556.000,A,5907.7516,N,01016.2823,E,10.54,317.58,180415,,,A*52
$GPRMC,091557.000,A,5907.7538,N,01016.2783,E,10.97,317.89,180415,,,A*59
$GPRMC,091558.000,A,5907.7561,N,01016.2743,E,11.32,318.38,180415,,,A*5D
$GPRMC,091559.000,A,5907.7584,N,01016.2702,E,11.25,318.70,180415,,,A*58
$GPRMC,091600.000,A,5907.7608,N,01016.2660,E,11.81,319.04,180415,,,A*59
$GPRMC,091601.000,A,5907.7634,N,01016.2618,E,12.32,319.62,180415,,,A*53
$GPRMC,091602.000,A,5907.7661,N,01016.2576,E,12.37,320.55,180415,,,A*50
$GPRMC,091603.000,A,5907.7689,N,01016.2535,E,12.96,322.33,180415,,,A*59
$GPRMC,091604.000,A,5907.7720,N,01016.2495,E,12.98,323.29,180415,,,A*53
$GPRMC,091605.000,A,5907.7751,N,01016.2459,E,13.16,324.23,180415,,,A*5E
$GPRMC,091606.000,A,5907.7783,N,01016.2426,E,12.92,325.11,180415,,,A*57
$GPRMC,091607.000,A,5907.7816,N,01016.2396,E,12.93,325.98,180415,,,A*59
$GPRMC,091608.000,A,5907.7850,N,01016.2368,E,13.14,326.88,180415,,,A*59
$GPRMC,091609.000,A,5907.7885,N,01016.2344,E,13.34,328.11,180415,,,A*52
$GPRMC,091610.000,A,5907.7920,N,01016.2320,E,13.36,329.16,180415,,,A*52
$GPRMC,091611.000,A,5907.7955,N,01016.2297,E,13.09,330.20,180415,,,A*5D
$GPRMC,091612.000,A,5907.7990,N,01016.2276,E,13.14,331.24,180415,,,A*51
$GPRMC,091613.000,A,5907.8025,N,01016.2255,E,13.12,332.25,180415,,,A*5D
$GPRMC,091614.000,A,5907.8059,N,01016.2234,E,12.70,333.21,180415,,,A*56
$GPRMC,091615.000,A,5907.8092,N,01016.2214,E,12.14,334.08,180415,,,A*5C
$GPRMC,091616.000,A,5907.8123,N,01016.2197,E,11.33,334.92,180415,,,A*59
$GPRMC,091617.000,A,5907.8152,N,01016.2180,E,10.80,335.71,180415,,,A*5D
$GPRMC,091618.000,A,5907.8181,N,01016.2165,E,10.29,336.45,180415,,,A*50
$GPRMC,091619.000,A,5907.8208,N,01016.2154,E,9.56,349.14,180415,,,A*6D

$GPRMC,091620.000,A,5907.8234,N,01016.2157,E,8.80,11.38,180415,,,A*51

$GPRMC,091621.000,A,5907.8256,N,01016.2189,E,8.10,40.50,180415,,,A*54

$GPRMC,091622.000,A,5907.8267,N,01016.2234,E,8.75,68.16,180415,,,A*5B

$GPRMC,091623.000,A,5907.8272,N,01016.2285,E,9.52,86.15,180415,,,A*53

$GPRMC,091624.000,A,5907.8269,N,01016.2341,E,9.93,92.56,180415,,,A*58

$GPRMC,091625.000,A,5907.8266,N,01016.2400,E,10.18,95.65,180415,,,A*68
$GPRMC,091626.000,A,5907.8262,N,01016.2459,E,10.23,95.84,180415,,,A*64
$GPRMC,091627.000,A,5907.8258,N,01016.2517,E,10.25,96.45,180415,,,A*6F
$GPRMC,091628.000,A,5907.8256,N,01016.2576,E,10.23,96.50,180415,,,A*6B
$GPRMC,091629.000,A,5907.8253,N,01016.2632,E,10.03,96.47,180415,,,A*68
$GPRMC,091630.000,A,5907.8250,N,01016.2687,E,10.04,96.74,180415,,,A*6A
$GPRMC,091631.000,A,5907.8247,N,01016.2742,E,9.99,96.55,180415,,,A*5A

$GPRMC,091632.000,A,5907.8243,N,01016.2795,E,9.80,97.17,180415,,,A*58

$GPRMC,091633.000,A,5907.8239,N,01016.2847,E,9.58,97.40,180415,,,A*53

$GPRMC,091634.000,A,5907.8236,N,01016.2897,E,9.11,96.86,180415,,,A*50

$GPRMC,091635.000,A,5907.8234,N,01016.2945,E,8.48,96.29,180415,,,A*55

$GPRMC,091636.000,A,5907.8232,N,01016.2989,E,8.14,96.12,180415,,,A*51

$GPRMC,091637.000,A,5907.8229,N,01016.3034,E,8.54,95.91,180415,,,A*58

$GPRMC,091638.000,A,5907.8225,N,01016.3080,E,8.60,96.16,180415,,,A*5F

$GPRMC,091639.000,A,5907.8222,N,01016.3126,E,8.62,97.25,180415,,,A*57

$GPRMC,091640.000,A,5907.8217,N,01016.3173,E,8.81,98.30,180415,,,A*59

$GPRMC,091641.000,A,5907.8213,N,01016.3220,E,8.87,99.32,180415,,,A*5C

$GPRMC,091642.000,A,5907.8207,N,01016.3268,E,9.11,100.19,180415,,,A*60
$GPRMC,091643.000,A,5907.8202,N,01016.3317,E,9.15,100.87,180415,,,A*6E
$GPRMC,091644.000,A,5907.8197,N,01016.3366,E,9.20,101.29,180415,,,A*63
$GPRMC,091645.000,A,5907.8192,N,01016.3416,E,9.41,101.56,180415,,,A*68
$GPRMC,091646.000,A,5907.8187,N,01016.3466,E,9.65,101.52,180415,,,A*6A
$GPRMC,091647.000,A,5907.8181,N,01016.3518,E,9.98,101.35,180415,,,A*66
$GPRMC,091648.000,A,5907.8175,N,01016.3571,E,10.02,101.32,180415,,,A*51
$GPRMC,091649.000,A,5907.8169,N,01016.3624,E,10.03,101.71,180415,,,A*58
$GPRMC,091650.000,A,5907.8162,N,01016.3677,E,10.04,102.50,180415,,,A*5A
$GPRMC,091651.000,A,5907.8154,N,01016.3729,E,10.00,103.38,180415,,,A*5F
$GPRMC,091652.000,A,5907.8146,N,01016.3783,E,9.93,103.97,180415,,,A*68

$GPRMC,091653.000,A,5907.8140,N,01016.3834,E,9.75,103.98,180415,,,A*6B

$GPRMC,091654.000,A,5907.8134,N,01016.3885,E,9.54,102.80,180415,,,A*6E

$GPRMC,091655.000,A,5907.8129,N,01016.3935,E,9.25,102.16,180415,,,A*60

$GPRMC,091656.000,A,5907.8127,N,01016.3984,E,9.01,90.27,180415,,,A*59

$GPRMC,091657.000,A,5907.8128,N,01016.4031,E,8.62,81.09,180415,,,A*5F

$GPRMC,091658.000,A,5907.8134,N,01016.4073,E,8.03,68.42,180415,,,A*54

$GPRMC,091659.000,A,5907.8145,N,01016.4108,E,7.72,54.99,180415,,,A*5E

$GPRMC,091700.000,A,5907.8160,N,01016.4139,E,7.70,42.80,180415,,,A*5B

$GPRMC,091701.000,A,5907.8178,N,01016.4161,E,7.65,27.87,180415,,,A*5E

$GPRMC,091702.000,A,5907.8199,N,01016.4173,E,7.21,13.93,180415,,,A*53

$GPRMC,091703.000,A,5907.8220,N,01016.4176,E,7.60,359.71,180415,,,A*62
$GPRMC,091704.000,A,5907.8242,N,01016.4168,E,7.66,345.53,180415,,,A*65
$GPRMC,091705.000,A,5907.8262,N,01016.4151,E,7.73,332.80,180415,,,A*66
$GPRMC,091706.000,A,5907.8280,N,01016.4126,E,8.18,321.76,180415,,,A*60
$GPRMC,091707.000,A,5907.8298,N,01016.4094,E,8.50,315.63,180415,,,A*6F
$GPRMC,091708.000,A,5907.8316,N,01016.4059,E,8.57,315.26,180415,,,A*60
$GPRMC,091709.000,A,5907.8333,N,01016.4024,E,8.85,315.81,180415,,,A*6E
$GPRMC,091710.000,A,5907.8352,N,01016.3990,E,8.85,316.46,180415,,,A*68
$GPRMC,091711.000,A,5907.8370,N,01016.3956,E,8.88,318.36,180415,,,A*67
$GPRMC,091712.000,A,5907.8390,N,01016.3923,E,9.06,321.20,180415,,,A*62
$GPRMC,091713.000,A,5907.8411,N,01016.3893,E,9.06,324.23,180415,,,A*61
$GPRMC,091714.000,A,5907.8432,N,01016.3863,E,9.25,325.64,180415,,,A*6B
$GPRMC,091715.000,A,5907.8454,N,01016.3834,E,9.26,327.45,180415,,,A*6A
$GPRMC,091716.000,A,5907.8476,N,01016.3806,E,9.25,328.42,180415,,,A*63
$GPRMC,091717.000,A,5907.8498,N,01016.3778,E,9.42,328.94,180415,,,A*6E
$GPRMC,091718.000,A,5907.8521,N,01016.3750,E,9.43,329.13,180415,,,A*67
$GPRMC,091719.000,A,5907.8543,N,01016.3724,E,9.37,329.37,180415,,,A*64
$GPRMC,091720.000,A,5907.8565,N,01016.3697,E,9.04,329.39,180415,,,A*6D
$GPRMC,091721.000,A,5907.8587,N,01016.3671,E,8.97,328.89,180415,,,A*69
$GPRMC,091722.000,A,5907.8608,N,01016.3643,E,9.03,327.77,180415,,,A*6D
$GPRMC,091723.000,A,5907.8629,N,01016.3611,E,8.85,325.98,180415,,,A*64
$GPRMC,091724.000,A,5907.8648,N,01016.3581,E,8.45,325.05,180415,,,A*66
$GPRMC,091725.000,A,5907.8667,N,01016.3549,E,8.45,324.00,180415,,,A*6A
$GPRMC,091726.000,A,5907.8682,N,01016.3515,E,8.47,308.40,180415,,,A*63
$GPRMC,091727.000,A,5907.8695,N,01016.3475,E,8.91,298.60,180415,,,A*62
$GPRMC,091728.000,A,5907.8706,N,01016.3429,E,9.47,290.96,180415,,,A*64
$GPRMC,091729.000,A,5907.8715,N,01016.3378,E,10.06,286.49,180415,,,A*5C
$GPRMC,091730.000,A,5907.8723,N,01016.3325,E,10.47,286.11,180415,,,A*51
$GPRMC,091731.000,A,5907.8731,N,01016.3271,E,10.51,287.56,180415,,,A*56
$GPRMC,091732.000,A,5907.8742,N,01016.3217,E,10.45,293.73,180415,,,A*56
$GPRMC,091733.000,A,5907.8755,N,01016.3168,E,10.06,300.20,180415,,,A*50
$GPRMC,091734.000,A,5907.8770,N,01016.3124,E,9.72,306.64,180415,,,A*65

$GPRMC,091735.000,A,5907.8786,N,01016.3082,E,10.06,310.37,180415,,,A*5A
$GPRMC,091736.000,A,5907.8804,N,01016.3042,E,10.10,312.47,180415,,,A*52
$GPRMC,091737.000,A,5907.8823,N,01016.3002,E,10.03,313.38,180415,,,A*59
$GPRMC,091738.000,A,5907.8842,N,01016.2962,E,10.37,313.65,180415,,,A*50
$GPRMC,091739.000,A,5907.8862,N,01016.2920,E,10.67,313.80,180415,,,A*5B
$GPRMC,091740.000,A,5907.8881,N,01016.2879,E,10.29,313.58,180415,,,A*5A
$GPRMC,091741.000,A,5907.8900,N,01016.2838,E,10.13,313.28,180415,,,A*58
$GPRMC,091742.000,A,5907.8919,N,01016.2797,E,10.37,313.31,180415,,,A*57
$GPRMC,091743.000,A,5907.8938,N,01016.2757,E,10.18,313.03,180415,,,A*55
$GPRMC,091744.000,A,5907.8958,N,01016.2717,E,10.01,312.96,180415,,,A*55
$GPRMC,091745.000,A,5907.8977,N,01016.2676,E,10.60,312.81,180415,,,A*5E
$GPRMC,091746.000,A,5907.8997,N,01016.2634,E,10.60,312.82,180415,,,A*56
$GPRMC,091747.000,A,5907.9016,N,01016.2594,E,9.96,312.90,180415,,,A*6D

$GPRMC,091748.000,A,5907.9035,N,01016.2555,E,9.72,313.05,180415,,,A*69

$GPRMC,091749.000,A,5907.9053,N,01016.2516,E,10.06,313.29,180415,,,A*5A
$GPRMC,091750.000,A,5907.9072,N,01016.2476,E,10.07,313.56,180415,,,A*5F
$GPRMC,091751.000,A,5907.9091,N,01016.2438,E,9.66,313.89,180415,,,A*64

$GPRMC,091752.000,A,5907.9109,N,01016.2402,E,9.19,314.51,180415,,,A*64

$GPRMC,091753.000,A,5907.9127,N,01016.2369,E,8.57,315.51,180415,,,A*69

$GPRMC,091754.000,A,5907.9142,N,01016.2341,E,7.96,316.59,180415,,,A*6E

$GPRMC,091755.000,A,5907.9157,N,01016.2314,E,7.59,316.71,180415,,,A*62

$GPRMC,091756.000,A,5907.9171,N,01016.2282,E,7.60,304.73,180415,,,A*60

$GPRMC,091757.000,A,5907.9180,N,01016.2245,E,7.56,291.31,180415,,,A*6A

$GPRMC,091758.000,A,5907.9184,N,01016.2205,E,7.58,276.94,180415,,,A*6D

$GPRMC,091759.000,A,5907.9184,N,01016.2163,E,7.93,264.50,180415,,,A*63

$GPRMC,091800.000,A,5907.9180,N,01016.2119,E,8.33,253.25,180415,,,A*6A

$GPRMC,091801.000,A,5907.9171,N,01016.2076,E,8.81,244.32,180415,,,A*64

$GPRMC,091802.000,A,5907.9159,N,01016.2033,E,9.23,238.91,180415,,,A*67

$GPRMC,091803.000,A,5907.9144,N,01016.1992,E,9.29,234.25,180415,,,A*62

$GPRMC,091804.000,A,5907.9128,N,01016.1950,E,9.65,232.98,180415,,,A*69

$GPRMC,091805.000,A,5907.9111,N,01016.1908,E,10.03,231.00,180415,,,A*55
$GPRMC,091806.000,A,5907.9094,N,01016.1867,E,9.41,229.27,180415,,,A*60

$GPRMC,091807.000,A,5907.9077,N,01016.1829,E,9.22,225.46,180415,,,A*68

$GPRMC,091808.000,A,5907.9059,N,01016.1794,E,8.65,225.93,180415,,,A*68

$GPRMC,091809.000,A,5907.9044,N,01016.1759,E,8.60,224.42,180415,,,A*6C

$GPRMC,091810.000,A,5907.9026,N,01016.1727,E,8.77,222.14,180415,,,A*6A

$GPRMC,091811.000,A,5907.9006,N,01016.1699,E,8.79,221.57,180415,,,A*67

$GPRMC,091812.000,A,5907.8986,N,01016.1672,E,8.61,220.81,180415,,,A*62

$GPRMC,091813.000,A,5907.8964,N,01016.1648,E,9.11,206.68,180415,,,A*63

$GPRMC,091814.000,A,5907.8942,N,01016.1625,E,9.15,207.68,180415,,,A*6E

$GPRMC,091815.000,A,5907.8919,N,01016.1604,E,8.93,207.16,180415,,,A*64

$GPRMC,091816.000,A,5907.8896,N,01016.1583,E,8.54,207.68,180415,,,A*6F

$GPRMC,091817.000,A,5907.8875,N,01016.1561,E,8.70,208.16,180415,,,A*6F

$GPRMC,091818.000,A,5907.8852,N,01016.1537,E,9.09,209.38,180415,,,A*64

$GPRMC,091819.000,A,5907.8830,N,01016.1512,E,9.13,209.98,180415,,,A*67

$GPRMC,091820.000,A,5907.8808,N,01016.1486,E,9.14,211.32,180415,,,A*64

$GPRMC,091821.000,A,5907.8787,N,01016.1459,E,9.13,212.71,180415,,,A*6C

$GPRMC,091822.000,A,5907.8768,N,01016.1433,E,8.51,213.89,180415,,,A*63

$GPRMC,091823.000,A,5907.8750,N,01016.1409,E,7.64,214.89,180415,,,A*6E

$GPRMC,091824.000,A,5907.8735,N,01016.1388,E,6.15,216.20,180415,,,A*62

$GPRMC,091825.000,A,5907.8726,N,01016.1370,E,4.76,224.74,180415,,,A*61

$GPRMC,091826.000,A,5907.8718,N,01016.1350,E,5.10,235.24,180415,,,A*69

$GPRMC,091827.000,A,5907.8712,N,01016.1324,E,5.15,257.22,180415,,,A*66

$GPRMC,091828.000,A,5907.8713,N,01016.1294,E,6.08,284.18,180415,,,A*6A

$GPRMC,091829.000,A,5907.8721,N,01016.1260,E,7.35,300.53,180415,,,A*6C

$GPRMC,091830.000,A,5907.8732,N,01016.1224,E,7.87,303.71,180415,,,A*6C

$GPRMC,091831.000,A,5907.8746,N,01016.1187,E,9.14,304.13,180415,,,A*63

$GPRMC,091832.000,A,5907.8761,N,01016.1144,E,9.87,304.30,180415,,,A*61

$GPRMC,091833.000,A,5907.8778,N,01016.1098,E,10.42,305.50,180415,,,A*5E
$GPRMC,091834.000,A,5907.8796,N,01016.1050,E,10.78,306.11,180415,,,A*52
$GPRMC,091835.000,A,5907.8814,N,01016.1003,E,10.79,306.58,180415,,,A*5C
$GPRMC,091836.000,A,5907.8831,N,01016.0956,E,10.59,306.74,180415,,,A*5C
$GPRMC,091837.000,A,5907.8849,N,01016.0909,E,10.83,306.67,180415,,,A*5D
$GPRMC,091838.000,A,5907.8867,N,01016.0862,E,10.63,306.67,180415,,,A*5C
$GPRMC,091839.000,A,5907.8884,N,01016.0816,E,10.07,306.57,180415,,,A*52
$GPRMC,091840.000,A,5907.8901,N,01016.0773,E,10.10,306.71,180415,,,A*5E
$GPRMC,091841.000,A,5907.8917,N,01016.0729,E,9.94,306.45,180415,,,A*64

$GPRMC,091842.000,A,5907.8931,N,01016.0685,E,9.09,295.25,180415,,,A*6D

$GPRMC,091843.000,A,5907.8937,N,01016.0640,E,8.75,275.15,180415,,,A*64

$GPRMC,091844.000,A,5907.8935,N,01016.0593,E,8.76,253.66,180415,,,A*6F

$GPRMC,091845.000,A,5907.8924,N,01016.0553,E,8.53,233.02,180415,,,A*61

$GPRMC,091846.000,A,5907.8908,N,01016.0519,E,8.34,221.61,180415,,,A*65

$GPRMC,091847.000,A,5907.8890,N,01016.0491,E,8.29,217.00,180415,,,A*6B

$GPRMC,091848.000,A,5907.8871,N,01016.0465,E,8.05,215.53,180415,,,A*6A

$GPRMC,091849.000,A,5907.8853,N,01016.0440,E,7.72,215.02,180415,,,A*67

$GPRMC,091850.000,A,5907.8836,N,01016.0416,E,7.78,216.61,180415,,,A*63

$GPRMC,091851.000,A,5907.8819,N,01016.0389,E,8.41,222.97,180415,,,A*65

$GPRMC,091852.000,A,5907.8802,N,01016.0355,E,8.44,231.09,180415,,,A*6D

$GPRMC,091853.000,A,5907.8789,N,01016.0318,E,8.42,239.85,180415,,,A*63

$GPRMC,091854.000,A,5907.8778,N,01016.0276,E,8.74,246.55,180415,,,A*63

$GPRMC,091855.000,A,5907.8769,N,01016.0231,E,9.02,249.87,180415,,,A*61

$GPRMC,091856.000,A,5907.8760,N,01016.0183,E,8.52,252.27,180415,,,A*65

$GPRMC,091857.000,A,5907.8753,N,01016.0138,E,7.83,252.51,180415,,,A*66

$GPRMC,091858.000,A,5907.8747,N,01016.0099,E,7.36,252.35,180415,,,A*6A

$GPRMC,091859.000,A,5907.8741,N,01016.0064,E,6.62,252.17,180415,,,A*6F

$GPRMC,091900.000,A,5907.8735,N,01016.0032,E,6.31,251.90,180415,,,A*68

$GPRMC,091901.000,A,5907.8730,N,01015.9998,E,6.77,252.52,180415,,,A*60

$GPRMC,091902.000,A,5907.8724,N,01015.9961,E,7.65,251.68,180415,,,A*68

$GPRMC,091903.000,A,5907.8717,N,01015.9919,E,8.21,251.43,180415,,,A*60

$GPRMC,091904.000,A,5907.8709,N,01015.9877,E,8.16,250.91,180415,,,A*6B

$GPRMC,091905.000,A,5907.8701,N,01015.9837,E,7.79,250.06,180415,,,A*6E

$GPRMC,091906.000,A,5907.8693,N,01015.9799,E,7.54,248.28,180415,,,A*66

$GPRMC,091907.000,A,5907.8684,N,01015.9763,E,7.38,247.44,180415,,,A*6B

$GPRMC,091908.000,A,5907.8674,N,01015.9730,E,7.07,236.12,180415,,,A*64

$GPRMC,091909.000,A,5907.8662,N,01015.9699,E,7.31,230.40,180415,,,A*64

$GPRMC,091910.000,A,5907.8648,N,01015.9669,E,7.92,223.66,180415,,,A*64

$GPRMC,091911.000,A,5907.8631,N,01015.9642,E,8.27,216.54,180415,,,A*64

$GPRMC,091912.000,A,5907.8612,N,01015.9619,E,8.11,212.07,180415,,,A*6F

$GPRMC,091913.000,A,5907.8592,N,01015.9597,E,8.11,208.87,180415,,,A*63

$GPRMC,091914.000,A,5907.8572,N,01015.9576,E,8.60,207.67,180415,,,A*62

$GPRMC,091915.000,A,5907.8550,N,01015.9554,E,9.04,207.67,180415,,,A*60

$GPRMC,091916.000,A,5907.8528,N,01015.9532,E,8.83,207.46,180415,,,A*61

$GPRMC,091917.000,A,5907.8506,N,01015.9512,E,8.56,206.33,180415,,,A*65

$GPRMC,091918.000,A,5907.8485,N,01015.9491,E,9.04,205.95,180415,,,A*63

$GPRMC,091919.000,A,5907.8461,N,01015.9470,E,9.56,205.57,180415,,,A*6E

$GPRMC,091920.000,A,5907.8437,N,01015.9447,E,9.91,205.64,180415,,,A*68

$GPRMC,091921.000,A,5907.8412,N,01015.9424,E,10.09,205.76,180415,,,A*51
$GPRMC,091922.000,A,5907.8386,N,01015.9400,E,10.11,206.13,180415,,,A*57
$GPRMC,091923.000,A,5907.8361,N,01015.9376,E,10.06,206.90,180415,,,A*54
$GPRMC,091924.000,A,5907.8337,N,01015.9352,E,9.80,208.24,180415,,,A*61

$GPRMC,091925.000,A,5907.8313,N,01015.9326,E,9.36,208.97,180415,,,A*60

$GPRMC,091926.000,A,5907.8291,N,01015.9301,E,8.82,210.23,180415,,,A*65

$GPRMC,091927.000,A,5907.8271,N,01015.9277,E,8.39,211.53,180415,,,A*6C

$GPRMC,091928.000,A,5907.8251,N,01015.9253,E,8.45,212.65,180415,,,A*6A

$GPRMC,091929.000,A,5907.8231,N,01015.9227,E,8.46,214.21,180415,,,A*6B

$GPRMC,091930.000,A,5907.8212,N,01015.9200,E,8.74,220.98,180415,,,A*63

$GPRMC,091931.000,A,5907.8195,N,01015.9165,E,9.41,228.68,180415,,,A*6E

$GPRMC,091932.000,A,5907.8179,N,01015.9123,E,9.92,235.22,180415,,,A*61

$GPRMC,091933.000,A,5907.8166,N,01015.9078,E,8.91,243.44,180415,,,A*62

$GPRMC,091934.000,A,5907.8157,N,01015.9034,E,8.53,248.94,180415,,,A*67

$GPRMC,091935.000,A,5907.8150,N,01015.8989,E,8.58,254.25,180415,,,A*63

$GPRMC,091936.000,A,5907.8144,N,01015.8944,E,8.59,257.38,180415,,,A*6A

$GPRMC,091937.000,A,5907.8139,N,01015.8900,E,8.32,259.21,180415,,,A*6A

$GPRMC,091938.000,A,5907.8136,N,01015.8857,E,7.80,263.43,180415,,,A*62

$GPRMC,091939.000,A,5907.8135,N,01015.8818,E,7.02,269.78,180415,,,A*63

$GPRMC,091940.000,A,5907.8136,N,01015.8783,E,6.45,278.84,180415,,,A*62

$GPRMC,091941.000,A,5907.8143,N,01015.8751,E,6.48,299.97,180415,,,A*6E

$GPRMC,091942.000,A,5907.8154,N,01015.8724,E,6.43,318.52,180415,,,A*63

$GPRMC,091943.000,A,5907.8169,N,01015.8705,E,6.45,333.33,180415,,,A*67

$GPRMC,091944.000,A,5907.8187,N,01015.8692,E,7.07,342.15,180415,,,A*6A

$GPRMC,091945.000,A,5907.8207,N,01015.8682,E,7.84,346.40,180415,,,A*6E

$GPRMC,091946.000,A,5907.8229,N,01015.8673,E,7.86,347.09,180415,,,A*61

$GPRMC,091947.000,A,5907.8250,N,01015.8665,E,7.93,350.11,180415,,,A*62

$GPRMC,091948.000,A,5907.8273,N,01015.8659,E,8.54,352.95,180415,,,A*69

$GPRMC,091949.000,A,5907.8297,N,01015.8654,E,8.58,354.60,180415,,,A*6F

$GPRMC,091950.000,A,5907.8322,N,01015.8650,E,8.84,355.82,180415,,,A*60

$GPRMC,091951.000,A,5907.8347,N,01015.8646,E,9.08,356.63,180415,,,A*6C

$GPRMC,091952.000,A,5907.8373,N,01015.8644,E,9.28,358.06,180415,,,A*65

$GPRMC,091953.000,A,5907.8399,N,01015.8643,E,9.21,358.16,180415,,,A*6F

$GPRMC,091954.000,A,5907.8425,N,01015.8642,E,8.95,358.51,180415,,,A*64

$GPRMC,091955.000,A,5907.8450,N,01015.8641,E,8.79,358.27,180415,,,A*67

$GPRMC,091956.000,A,5907.8475,N,01015.8640,E,8.80,357.79,180415,,,A*60

$GPRMC,091957.000,A,5907.8499,N,01015.8638,E,8.64,357.47,180415,,,A*6B

$GPRMC,091958.000,A,5907.8520,N,01015.8637,E,8.20,357.38,180415,,,A*60

$GPRMC,091959.000,A,5907.8544,N,01015.8637,E,8.80,357.20,180415,,,A*60

$GPRMC,092000.000,A,5907.8569,N,01015.8637,E,9.21,356.83,180415,,,A*6B

$GPRMC,092001.000,A,5907.8594,N,01015.8635,E,8.97,356.65,180415,,,A*6E

$GPRMC,092002.000,A,5907.8620,N,01015.8633,E,8.93,356.43,180415,,,A*67

$GPRMC,092003.000,A,5907.8645,N,01015.8630,E,9.11,356.39,180415,,,A*60

$GPRMC,092004.000,A,5907.8672,N,01015.8628,E,9.11,356.76,180415,,,A*61

$GPRMC,092005.000,A,5907.8698,N,01015.8624,E,9.12,357.72,180415,,,A*6E

$GPRMC,092006.000,A,5907.8725,N,01015.8625,E,9.11,2.26,180415,,,A*6A

$GPRMC,092007.000,A,5907.8750,N,01015.8629,E,9.09,4.25,180415,,,A*69

$GPRMC,092008.000,A,5907.8776,N,01015.8635,E,9.04,5.65,180415,,,A*67

$GPRMC,092009.000,A,5907.8802,N,01015.8641,E,9.03,6.90,180415,,,A*67

$GPRMC,092010.000,A,5907.8827,N,01015.8648,E,8.82,7.92,180415,,,A*6A

$GPRMC,092011.000,A,5907.8852,N,01015.8656,E,8.80,7.84,180415,,,A*63

$GPRMC,092012.000,A,5907.8877,N,01015.8663,E,8.87,8.42,180415,,,A*63

$GPRMC,092013.000,A,5907.8903,N,01015.8671,E,9.55,8.03,180415,,,A*68

$GPRMC,092014.000,A,5907.8931,N,01015.8679,E,10.13,7.60,180415,,,A*56
$GPRMC,092015.000,A,5907.8959,N,01015.8688,E,10.16,7.44,180415,,,A*54
$GPRMC,092016.000,A,5907.8988,N,01015.8698,E,10.20,8.25,180415,,,A*57
$GPRMC,092017.000,A,5907.9016,N,01015.8710,E,10.14,9.81,180415,,,A*50
$GPRMC,092018.000,A,5907.9044,N,01015.8723,E,10.11,11.59,180415,,,A*61
$GPRMC,092019.000,A,5907.9071,N,01015.8737,E,10.11,13.33,180415,,,A*6D
$GPRMC,092020.000,A,5907.9099,N,01015.8752,E,10.13,15.21,180415,,,A*65
$GPRMC,092021.000,A,5907.9125,N,01015.8768,E,9.56,16.96,180415,,,D*58

$GPRMC,092022.000,A,5907.9149,N,01015.8784,E,8.82,18.29,180415,,,D*51

$GPRMC,092023.000,A,5907.9172,N,01015.8799,E,8.26,19.34,180415,,,D*57

$GPRMC,092024.000,A,5907.9194,N,01015.8814,E,8.73,19.54,180415,,,D*54

$GPRMC,092025.000,A,5907.9218,N,01015.8831,E,9.79,19.17,180415,,,D*59

$GPRMC,092026.000,A,5907.9245,N,01015.8847,E,10.29,18.60,180415,,,D*6F
$GPRMC,092027.000,A,5907.9272,N,01015.8864,E,10.36,18.36,180415,,,D*66
$GPRMC,092028.000,A,5907.9299,N,01015.8880,E,10.32,18.29,180415,,,D*6C
$GPRMC,092029.000,A,5907.9328,N,01015.8900,E,10.16,18.67,180415,,,D*63
$GPRMC,092030.000,A,5907.9355,N,01015.8918,E,10.11,19.18,180415,,,D*66
$GPRMC,092031.000,A,5907.9380,N,01015.8937,E,9.53,19.82,180415,,,D*5F

$GPRMC,092032.000,A,5907.9404,N,01015.8955,E,9.09,20.94,180415,,,D*51

$GPRMC,092033.000,A,5907.9426,N,01015.8973,E,8.45,22.49,180415,,,D*5F

$GPRMC,092034.000,A,5907.9445,N,01015.8988,E,6.99,24.31,180415,,,D*5F

$GPRMC,092035.000,A,5907.9461,N,01015.9004,E,6.34,26.48,180415,,,D*5F

$GPRMC,092036.000,A,5907.9475,N,01015.9022,E,6.42,27.74,180415,,,D*52

$GPRMC,092037.000,A,5907.9488,N,01015.9041,E,5.32,39.69,180415,,,D*53

$GPRMC,092038.000,A,5907.9499,N,01015.9061,E,5.51,51.79,180415,,,D*54

$GPRMC,092039.000,A,5907.9506,N,01015.9090,E,6.71,72.79,180415,,,D*5C

$GPRMC,092040.000,A,5907.9506,N,01015.9129,E,7.88,95.70,180415,,,D*56

$GPRMC,092041.000,A,5907.9497,N,01015.9171,E,8.52,116.00,180415,,,D*66
$GPRMC,092042.000,A,5907.9483,N,01015.9214,E,9.82,121.20,180415,,,D*6A
$GPRMC,092043.000,A,5907.9466,N,01015.9262,E,10.53,123.25,180415,,,D*52
$GPRMC,092044.000,A,5907.9449,N,01015.9312,E,10.79,123.47,180415,,,D*52
$GPRMC,092045.000,A,5907.9430,N,01015.9361,E,10.73,124.43,180415,,,D*50
$GPRMC,092046.000,A,5907.9412,N,01015.9409,E,10.12,124.15,180415,,,D*5E
$GPRMC,092047.000,A,5907.9394,N,01015.9454,E,10.05,124.24,180415,,,D*5A
$GPRMC,092048.000,A,5907.9378,N,01015.9499,E,9.73,123.50,180415,,,D*6B

$GPRMC,092049.000,A,5907.9362,N,01015.9543,E,9.26,122.39,180415,,,D*69

$GPRMC,092050.000,A,5907.9351,N,01015.9586,E,8.52,109.39,180415,,,D*63

$GPRMC,092051.000,A,5907.9348,N,01015.9631,E,8.27,86.49,180415,,,D*56

$GPRMC,092052.000,A,5907.9353,N,01015.9677,E,8.95,67.90,180415,,,D*5F

$GPRMC,092053.000,A,5907.9364,N,01015.9724,E,9.35,61.71,180415,,,D*5F

$GPRMC,092054.000,A,5907.9377,N,01015.9770,E,9.84,62.19,180415,,,D*5C

$GPRMC,092055.000,A,5907.9392,N,01015.9819,E,10.53,61.63,180415,,,D*6A
$GPRMC,092056.000,A,5907.9405,N,01015.9872,E,10.78,64.18,180415,,,D*6D
$GPRMC,092057.000,A,5907.9419,N,01015.9927,E,10.84,65.36,180415,,,D*6E
$GPRMC,092058.000,A,5907.9431,N,01015.9983,E,11.10,65.87,180415,,,D*63
$GPRMC,092059.000,A,5907.9442,N,01016.0041,E,11.07,66.84,180415,,,D*6D
$GPRMC,092100.000,A,5907.9451,N,01016.0102,E,10.79,67.94,180415,,,D*6C
$GPRMC,092101.000,A,5907.9459,N,01016.0161,E,10.63,68.75,180415,,,D*6B
$GPRMC,092102.000,A,5907.9466,N,01016.0218,E,10.14,69.80,180415,,,D*62
$GPRMC,092103.000,A,5907.9471,N,01016.0273,E,9.93,71.08,180415,,,D*56

$GPRMC,092104.000,A,5907.9474,N,01016.0327,E,9.88,72.22,180415,,,D*55

$GPRMC,092105.000,A,5907.9479,N,01016.0382,E,10.73,73.24,180415,,,D*6D
$GPRMC,092106.000,A,5907.9485,N,01016.0438,E,10.71,74.02,180415,,,D*6A
$GPRMC,092107.000,A,5907.9489,N,01016.0494,E,10.49,74.88,180415,,,D*68
$GPRMC,092108.000,A,5907.9495,N,01016.0550,E,10.48,76.62,180415,,,D*64
$GPRMC,092109.000,A,5907.9501,N,01016.0606,E,10.52,76.79,180415,,,D*68
$GPRMC,092110.000,A,5907.9509,N,01016.0661,E,10.70,75.50,180415,,,D*61
$GPRMC,092111.000,A,5907.9521,N,01016.0715,E,10.69,74.98,180415,,,D*65
$GPRMC,092112.000,A,5907.9534,N,01016.0767,E,10.63,73.98,180415,,,D*6A
$GPRMC,092113.000,A,5907.9546,N,01016.0816,E,10.16,72.70,180415,,,D*62
$GPRMC,092114.000,A,5907.9559,N,01016.0862,E,9.76,71.87,180415,,,D*5D

$GPRMC,092115.000,A,5907.9574,N,01016.0906,E,9.71,70.82,180415,,,D*53

$GPRMC,092116.000,A,5907.9589,N,01016.0947,E,9.68,69.23,180415,,,D*5C

$GPRMC,092117.000,A,5907.9605,N,01016.0989,E,10.15,67.81,180415,,,D*6C
$GPRMC,092118.000,A,5907.9622,N,01016.1032,E,10.38,66.38,180415,,,D*62
$GPRMC,092119.000,A,5907.9640,N,01016.1074,E,10.08,64.95,180415,,,D*63
$GPRMC,092120.000,A,5907.9658,N,01016.1115,E,9.88,63.41,180415,,,D*58

$GPRMC,092123.000,A,5907.9718,N,01016.1224,E,9.41,34.11,180415,,,D*5D

$GPRMC,092124.000,A,5907.9741,N,01016.1248,E,9.47,24.59,180415,,,D*57

$GPRMC,092125.000,A,5907.9766,N,01016.1265,E,9.68,12.30,180415,,,D*5B

$GPRMC,092126.000,A,5907.9793,N,01016.1269,E,9.64,359.70,180415,,,D*6A
$GPRMC,092127.000,A,5907.9819,N,01016.1263,E,9.47,348.73,180415,,,D*6E
$GPRMC,092128.000,A,5907.9844,N,01016.1250,E,9.42,341.33,180415,,,D*61
$GPRMC,092129.000,A,5907.9868,N,01016.1231,E,9.42,338.68,180415,,,D*69
$GPRMC,092130.000,A,5907.9893,N,01016.1210,E,9.68,337.45,180415,,,D*6E
$GPRMC,092131.000,A,5907.9918,N,01016.1184,E,9.96,337.08,180415,,,D*6B
$GPRMC,092132.000,A,5907.9942,N,01016.1161,E,9.80,338.46,180415,,,D*6E
$GPRMC,092133.000,A,5907.9967,N,01016.1140,E,9.31,341.12,180415,,,D*6E
$GPRMC,092134.000,A,5907.9992,N,01016.1124,E,9.15,347.34,180415,,,D*65
$GPRMC,092135.000,A,5908.0017,N,01016.1114,E,9.19,351.92,180415,,,D*62
$GPRMC,092136.000,A,5908.0043,N,01016.1107,E,9.90,353.55,180415,,,D*6A
$GPRMC,092137.000,A,5908.0068,N,01016.1103,E,9.02,357.80,180415,,,D*61
$GPRMC,092138.000,A,5908.0092,N,01016.1104,E,8.64,0.83,180415,,,D*6F

$GPRMC,092139.000,A,5908.0116,N,01016.1106,E,8.91,2.36,180415,,,D*67

$GPRMC,092140.000,A,5908.0140,N,01016.1112,E,9.26,7.25,180415,,,D*65

$GPRMC,092141.000,A,5908.0166,N,01016.1120,E,10.27,10.82,180415,,,D*63
$GPRMC,092142.000,A,5908.0193,N,01016.1130,E,10.23,11.62,180415,,,D*60
$GPRMC,092143.000,A,5908.0223,N,01016.1143,E,11.27,11.70,180415,,,D*6B
$GPRMC,092144.000,A,5908.0255,N,01016.1158,E,12.02,13.97,180415,,,D*68
$GPRMC,092145.000,A,5908.0288,N,01016.1175,E,11.98,15.37,180415,,,D*6A
$GPRMC,092146.000,A,5908.0322,N,01016.1191,E,12.52,13.05,180415,,,D*60
$GPRMC,092147.000,A,5908.0358,N,01016.1203,E,12.36,10.82,180415,,,D*6A
$GPRMC,092148.000,A,5908.0393,N,01016.1214,E,12.65,8.91,180415,,,D*59

$GPRMC,092149.000,A,5908.0428,N,01016.1224,E,12.58,7.88,180415,,,D*55

$GPRMC,092150.000,A,5908.0464,N,01016.1232,E,12.41,7.58,180415,,,D*57

$GPRMC,092151.000,A,5908.0499,N,01016.1241,E,12.37,6.43,180415,,,D*5A

$GPRMC,092152.000,A,5908.0534,N,01016.1249,E,12.39,6.13,180415,,,D*5C

$GPRMC,092153.000,A,5908.0569,N,01016.1256,E,12.00,6.07,180415,,,D*54

$GPRMC,092154.000,A,5908.0603,N,01016.1262,E,11.63,6.05,180415,,,D*5F

$GPRMC,092155.000,A,5908.0635,N,01016.1270,E,11.66,6.22,180415,,,D*58

$GPRMC,092156.000,A,5908.0667,N,01016.1278,E,11.64,6.57,180415,,,D*54

$GPRMC,092159.000,A,5908.0763,N,01016.1311,E,11.33,10.08,180415,,,D*6F
$GPRMC,092203.000,A,5908.0883,N,01016.1382,E,10.64,16.92,180415,,,D*6E
$GPRMC,092207.000,A,5908.0991,N,01016.1467,E,10.53,24.31,180415,,,D*68
$GPRMC,092211.000,A,5908.1098,N,01016.1559,E,10.11,24.70,180415,,,D*61
$GPRMC,092214.000,A,5908.1167,N,01016.1623,E,8.30,25.24,180415,,,D*51

$GPRMC,092218.000,A,5908.1241,N,01016.1669,E,6.67,354.97,180415,,,D*65
$GPRMC,092222.000,A,5908.1277,N,01016.1679,E,0.01,6.44,180415,,,D*64

$GPRMC,092226.000,A,5908.1276,N,01016.1675,E,0.00,6.44,180415,,,D*6C

$GPRMC,092230.000,A,5908.1276,N,01016.1675,E,0.00,6.44,180415,,,D*6B

$GPRMC,092234.000,A,5908.1282,N,01016.1691,E,4.38,56.39,180415,,,D*5E
$GPRMC,092237.000,A,5908.1316,N,01016.1779,E,7.74,53.55,180415,,,D*52
$GPRMC,092238.000,A,5908.1334,N,01016.1801,E,7.20,51.46,180415,,,D*5C
$GPRMC,092242.000,A,5908.1417,N,01016.1898,E,8.67,44.04,180415,,,D*59
$GPRMC,092245.000,A,5908.1481,N,01016.1972,E,9.03,39.82,180415,,,D*53
$GPRMC,092249.000,A,5908.1573,N,01016.2060,E,8.79,34.54,180415,,,D*50
$GPRMC,092253.000,A,5908.1666,N,01016.2116,E,9.24,28.31,180415,,,D*5B
$GPRMC,092257.000,A,5908.1772,N,01016.2144,E,9.41,21.12,180415,,,D*57
$GPRMC,092300.000,A,5908.1855,N,01016.2141,E,10.63,357.90,180415,,,D*5B
$GPRMC,092304.000,A,5908.1973,N,01016.2130,E,10.55,356.41,180415,,,D*54
$GPRMC,092308.000,A,5908.2090,N,01016.2122,E,10.23,1.51,180415,,,D*5D

$GPRMC,092312.000,A,5908.2204,N,01016.2148,E,10.42,8.75,180415,,,D*5D

$GPRMC,092315.000,A,5908.2287,N,01016.2177,E,10.00,10.39,180415,,,D*6A
$GPRMC,092316.000,A,5908.2316,N,01016.2186,E,10.46,9.69,180415,,,D*51

$GPRMC,092319.000,A,5908.2399,N,01016.2202,E,10.18,4.10,180415,,,D*5E

$GPRMC,092323.000,A,5908.2511,N,01016.2194,E,10.02,355.44,180415,,,D*50
$GPRMC,092327.000,A,5908.2629,N,01016.2161,E,11.68,350.65,180415,,,D*5D
$GPRMC,092331.000,A,5908.2760,N,01016.2118,E,12.40,351.03,180415,,,D*50
$GPRMC,092335.000,A,5908.2897,N,01016.2074,E,12.53,350.47,180415,,,D*5B
$GPRMC,092336.000,A,5908.2932,N,01016.2062,E,12.33,350.02,180415,,,D*56
$GPRMC,092337.000,A,5908.2964,N,01016.2048,E,12.11,349.66,180415,,,D*56
$GPRMC,092338.000,A,5908.2997,N,01016.2035,E,11.88,349.03,180415,,,D*5F
$GPRMC,092339.000,A,5908.3030,N,01016.2021,E,11.86,348.56,180415,,,D*51
$GPRMC,092340.000,A,5908.3061,N,01016.2008,E,11.47,347.96,180415,,,D*5E
$GPRMC,092341.000,A,5908.3091,N,01016.1994,E,11.19,347.21,180415,,,D*58
$GPRMC,092342.000,A,5908.3120,N,01016.1979,E,10.74,346.42,180415,,,D*5D
$GPRMC,092343.000,A,5908.3149,N,01016.1965,E,10.44,345.63,180415,,,D*5D
$GPRMC,092344.000,A,5908.3176,N,01016.1950,E,10.41,344.83,180415,,,D*5A
$GPRMC,092345.000,A,5908.3204,N,01016.1935,E,10.74,344.09,180415,,,D*5A
$GPRMC,092346.000,A,5908.3232,N,01016.1918,E,10.48,343.48,180415,,,D*5E
$GPRMC,092347.000,A,5908.3259,N,01016.1902,E,10.03,343.15,180415,,,D*5E
$GPRMC,092348.000,A,5908.3285,N,01016.1887,E,9.83,343.10,180415,,,D*69

$GPRMC,092349.000,A,5908.3310,N,01016.1872,E,9.62,343.20,180415,,,D*63

$GPRMC,092350.000,A,5908.3335,N,01016.1856,E,9.25,342.80,180415,,,D*62

$GPRMC,092351.000,A,5908.3358,N,01016.1838,E,8.66,333.68,180415,,,D*66

$GPRMC,092352.000,A,5908.3378,N,01016.1815,E,8.17,327.05,180415,,,D*60

$GPRMC,092353.000,A,5908.3396,N,01016.1792,E,6.95,324.71,180415,,,D*65

$GPRMC,092354.000,A,5908.3409,N,01016.1774,E,4.97,325.24,180415,,,D*6A

$GPRMC,092355.000,A,5908.3419,N,01016.1762,E,3.56,333.32,180415,,,D*67

$GPRMC,092356.000,A,5908.3425,N,01016.1757,E,0.19,333.32,180415,,,D*65

$GPRMC,092357.000,A,5908.3429,N,01016.1756,E,0.10,333.32,180415,,,D*60

$GPRMC,092358.000,A,5908.3429,N,01016.1755,E,0.01,333.32,180415,,,D*6C

$GPRMC,092359.000,A,5908.3429,N,01016.1755,E,0.00,333.32,180415,,,D*6C

$GPRMC,092400.000,A,5908.3429,N,01016.1755,E,0.00,333.32,180415,,,D*67

$GPRMC,092401.000,A,5908.3429,N,01016.1755,E,0.00,333.32,180415,,,D*66

$GPRMC,092402.000,A,5908.3429,N,01016.1756,E,0.00,333.32,180415,,,D*66

$GPRMC,092403.000,A,5908.3429,N,01016.1756,E,0.02,333.32,180415,,,D*65

$GPRMC,092404.000,A,5908.3429,N,01016.1756,E,0.09,333.32,180415,,,D*69

$GPRMC,092405.000,A,5908.3432,N,01016.1756,E,0.19,333.32,180415,,,D*63

$GPRMC,092406.000,A,5908.3435,N,01016.1753,E,0.26,333.32,180415,,,D*6E

$GPRMC,092407.000,A,5908.3445,N,01016.1760,E,4.33,21.16,180415,,,D*5E

$GPRMC,092408.000,A,5908.3463,N,01016.1774,E,6.14,20.95,180415,,,D*5D

$GPRMC,092409.000,A,5908.3481,N,01016.1789,E,7.15,20.32,180415,,,D*5F

$GPRMC,092410.000,A,5908.3502,N,01016.1800,E,7.46,19.27,180415,,,D*5B

$GPRMC,092411.000,A,5908.3524,N,01016.1807,E,7.28,18.03,180415,,,D*56

$GPRMC,092412.000,A,5908.3547,N,01016.1813,E,8.12,16.75,180415,,,D*5C

$GPRMC,092413.000,A,5908.3570,N,01016.1819,E,8.72,15.71,180415,,,D*52

$GPRMC,092414.000,A,5908.3595,N,01016.1825,E,8.79,14.57,180415,,,D*5F

$GPRMC,092415.000,A,5908.3621,N,01016.1830,E,8.84,13.62,180415,,,D*55

$GPRMC,092416.000,A,5908.3646,N,01016.1836,E,9.19,12.86,180415,,,D*5F

$GPRMC,092417.000,A,5908.3672,N,01016.1844,E,9.44,11.13,180415,,,D*5B

$GPRMC,092418.000,A,5908.3698,N,01016.1854,E,9.22,10.28,180415,,,D*58

$GPRMC,092419.000,A,5908.3723,N,01016.1863,E,8.87,9.95,180415,,,D*6C

$GPRMC,092420.000,A,5908.3748,N,01016.1873,E,8.83,10.21,180415,,,D*59
$GPRMC,092421.000,A,5908.3772,N,01016.1884,E,9.09,10.89,180415,,,D*58
$GPRMC,092422.000,A,5908.3796,N,01016.1895,E,9.03,12.08,180415,,,D*50
$GPRMC,092423.000,A,5908.3820,N,01016.1907,E,9.04,12.84,180415,,,D*5A
$GPRMC,092424.000,A,5908.3845,N,01016.1920,E,9.10,13.50,180415,,,D*56
$GPRMC,092425.000,A,5908.3869,N,01016.1933,E,8.91,14.08,180415,,,D*59
$GPRMC,092426.000,A,5908.3895,N,01016.1945,E,9.22,14.53,180415,,,D*5F
$GPRMC,092427.000,A,5908.3922,N,01016.1957,E,9.24,14.94,180415,,,D*5D
$GPRMC,092428.000,A,5908.3947,N,01016.1970,E,8.80,15.34,180415,,,D*50
$GPRMC,092429.000,A,5908.3971,N,01016.1983,E,8.50,15.86,180415,,,D*5C
$GPRMC,092430.000,A,5908.3996,N,01016.1996,E,8.90,16.52,180415,,,D*5F
$GPRMC,092431.000,A,5908.4021,N,01016.2010,E,8.96,17.21,180415,,,D*5B
$GPRMC,092432.000,A,5908.4045,N,01016.2025,E,8.57,17.90,180415,,,D*5B
$GPRMC,092433.000,A,5908.4068,N,01016.2039,E,8.21,18.92,180415,,,D*54
$GPRMC,092434.000,A,5908.4091,N,01016.2054,E,8.70,20.08,180415,,,D*52
$GPRMC,092435.000,A,5908.4115,N,01016.2071,E,9.03,21.46,180415,,,D*57
$GPRMC,092436.000,A,5908.4139,N,01016.2090,E,8.97,23.14,180415,,,D*5C
$GPRMC,092437.000,A,5908.4162,N,01016.2111,E,8.90,25.45,180415,,,D*5E
$GPRMC,092438.000,A,5908.4185,N,01016.2136,E,9.16,26.66,180415,,,D*50
$GPRMC,092439.000,A,5908.4209,N,01016.2162,E,9.19,27.95,180415,,,D*55
$GPRMC,092440.000,A,5908.4228,N,01016.2194,E,9.14,29.26,180415,,,D*5A
$GPRMC,092441.000,A,5908.4246,N,01016.2228,E,8.93,30.58,180415,,,D*58
$GPRMC,092442.000,A,5908.4262,N,01016.2263,E,8.86,31.95,180415,,,D*56
$GPRMC,092443.000,A,5908.4279,N,01016.2298,E,8.83,33.74,180415,,,D*51
$GPRMC,092444.000,A,5908.4295,N,01016.2336,E,9.14,35.45,180415,,,D*5A
$GPRMC,092445.000,A,5908.4311,N,01016.2378,E,9.40,37.25,180415,,,D*59
$GPRMC,092446.000,A,5908.4325,N,01016.2422,E,9.48,39.18,180415,,,D*5D
$GPRMC,092447.000,A,5908.4338,N,01016.2466,E,9.25,41.23,180415,,,D*5C
$GPRMC,092448.000,A,5908.4350,N,01016.2510,E,9.03,43.41,180415,,,D*5F
$GPRMC,092449.000,A,5908.4359,N,01016.2555,E,8.97,45.59,180415,,,D*55
$GPRMC,092450.000,A,5908.4369,N,01016.2601,E,8.96,47.83,180415,,,D*58
$GPRMC,092451.000,A,5908.4378,N,01016.2646,E,8.99,49.95,180415,,,D*5C
$GPRMC,092452.000,A,5908.4387,N,01016.2692,E,9.04,51.83,180415,,,D*5D
$GPRMC,092453.000,A,5908.4397,N,01016.2738,E,9.22,53.44,180415,,,D*51
$GPRMC,092454.000,A,5908.4407,N,01016.2783,E,9.21,54.83,180415,,,D*57
$GPRMC,092455.000,A,5908.4418,N,01016.2827,E,8.91,56.03,180415,,,D*59
$GPRMC,092456.000,A,5908.4427,N,01016.2870,E,8.32,71.83,180415,,,D*50
$GPRMC,092457.000,A,5908.4430,N,01016.2913,E,7.87,88.57,180415,,,D*5D
$GPRMC,092458.000,A,5908.4426,N,01016.2955,E,8.03,107.70,180415,,,D*67
$GPRMC,092459.000,A,5908.4414,N,01016.2996,E,9.08,125.81,180415,,,D*6C
$GPRMC,092500.000,A,5908.4397,N,01016.3036,E,10.11,131.88,180415,,,D*53
$GPRMC,092501.000,A,5908.4377,N,01016.3077,E,10.45,132.29,180415,,,D*50
$GPRMC,092502.000,A,5908.4357,N,01016.3118,E,10.19,131.67,180415,,,D*59
$GPRMC,092503.000,A,5908.4338,N,01016.3159,E,10.13,129.28,180415,,,D*5C
$GPRMC,092504.000,A,5908.4319,N,01016.3203,E,10.32,126.86,180415,,,D*5C
$GPRMC,092505.000,A,5908.4301,N,01016.3249,E,10.70,125.00,180415,,,D*51
$GPRMC,092506.000,A,5908.4285,N,01016.3299,E,10.76,117.01,180415,,,D*54
$GPRMC,092507.000,A,5908.4270,N,01016.3351,E,10.79,115.28,180415,,,D*5C
$GPRMC,092508.000,A,5908.4258,N,01016.3404,E,10.50,109.31,180415,,,D*50
$GPRMC,092509.000,A,5908.4249,N,01016.3461,E,11.13,104.26,180415,,,D*5F
$GPRMC,092510.000,A,5908.4240,N,01016.3523,E,11.18,99.95,180415,,,D*6F

$GPRMC,092511.000,A,5908.4233,N,01016.3583,E,11.02,98.84,180415,,,D*6A

$GPRMC,092512.000,A,5908.4229,N,01016.3641,E,10.42,98.17,180415,,,D*60

$GPRMC,092513.000,A,5908.4224,N,01016.3696,E,9.98,98.42,180415,,,D*59

$GPRMC,092514.000,A,5908.4219,N,01016.3751,E,10.30,98.62,180415,,,D*62
$GPRMC,092515.000,A,5908.4215,N,01016.3804,E,10.26,98.97,180415,,,D*6D
$GPRMC,092516.000,A,5908.4211,N,01016.3857,E,9.89,100.07,180415,,,D*68
$GPRMC,092517.000,A,5908.4205,N,01016.3909,E,9.85,100.96,180415,,,D*62
$GPRMC,092518.000,A,5908.4199,N,01016.3961,E,9.68,101.99,180415,,,D*68
$GPRMC,092519.000,A,5908.4192,N,01016.4011,E,9.36,103.01,180415,,,D*63
$GPRMC,092520.000,A,5908.4185,N,01016.4060,E,9.71,104.17,180415,,,D*6A
$GPRMC,092521.000,A,5908.4177,N,01016.4112,E,10.35,105.94,180415,,,D*50
$GPRMC,092522.000,A,5908.4167,N,01016.4164,E,9.99,108.00,180415,,,D*6D

$GPRMC,092523.000,A,5908.4158,N,01016.4212,E,9.33,109.99,180415,,,D*63

$GPRMC,092524.000,A,5908.4148,N,01016.4259,E,9.38,111.97,180415,,,D*66

$GPRMC,092525.000,A,5908.4137,N,01016.4306,E,9.73,113.53,180415,,,D*61

$GPRMC,092526.000,A,5908.4126,N,01016.4352,E,9.51,114.65,180415,,,D*61

$GPRMC,092527.000,A,5908.4115,N,01016.4397,E,9.18,115.54,180415,,,D*67

$GPRMC,092528.000,A,5908.4104,N,01016.4440,E,8.99,116.01,180415,,,D*6E

$GPRMC,092529.000,A,5908.4093,N,01016.4484,E,9.17,115.94,180415,,,D*60

$GPRMC,092530.000,A,5908.4082,N,01016.4529,E,9.24,115.44,180415,,,D*63

$GPRMC,092531.000,A,5908.4072,N,01016.4573,E,9.22,114.77,180415,,,D*65

$GPRMC,092532.000,A,5908.4062,N,01016.4618,E,9.27,113.89,180415,,,D*6A

$GPRMC,092533.000,A,5908.4052,N,01016.4664,E,9.21,113.13,180415,,,D*66

$GPRMC,092534.000,A,5908.4042,N,01016.4707,E,8.29,112.28,180415,,,D*64

$GPRMC,092535.000,A,5908.4034,N,01016.4747,E,7.85,111.11,180415,,,D*60

$GPRMC,092536.000,A,5908.4027,N,01016.4790,E,9.01,109.04,180415,,,D*64

$GPRMC,092537.000,A,5908.4020,N,01016.4840,E,9.91,106.83,180415,,,D*69

$GPRMC,092538.000,A,5908.4012,N,01016.4893,E,10.42,104.95,180415,,,D*5A
$GPRMC,092539.000,A,5908.4005,N,01016.4948,E,10.46,103.64,180415,,,D*57
$GPRMC,092540.000,A,5908.3998,N,01016.5002,E,10.13,103.05,180415,,,D*52
$GPRMC,092541.000,A,5908.3991,N,01016.5053,E,9.37,103.10,180415,,,D*64

$GPRMC,092542.000,A,5908.3986,N,01016.5101,E,8.90,103.69,180415,,,D*65

$GPRMC,092543.000,A,5908.3979,N,01016.5147,E,9.15,104.07,180415,,,D*65

$GPRMC,092544.000,A,5908.3968,N,01016.5193,E,9.66,104.78,180415,,,D*67

$GPRMC,092545.000,A,5908.3956,N,01016.5241,E,10.42,119.98,180415,,,D*5B
$GPRMC,092546.000,A,5908.3939,N,01016.5289,E,11.16,125.00,180415,,,D*5B
$GPRMC,092547.000,A,5908.3921,N,01016.5338,E,11.31,128.38,180415,,,D*5B
$GPRMC,092548.000,A,5908.3901,N,01016.5383,E,11.04,132.69,180415,,,D*5F
$GPRMC,092549.000,A,5908.3880,N,01016.5425,E,10.67,137.51,180415,,,D*57
$GPRMC,092550.000,A,5908.3858,N,01016.5461,E,10.29,141.01,180415,,,D*54
$GPRMC,092551.000,A,5908.3835,N,01016.5494,E,10.27,145.25,180415,,,D*58
$GPRMC,092552.000,A,5908.3811,N,01016.5523,E,10.33,148.95,180415,,,D*53
$GPRMC,092553.000,A,5908.3785,N,01016.5550,E,10.54,152.69,180415,,,D*5D
$GPRMC,092554.000,A,5908.3757,N,01016.5574,E,10.57,155.98,180415,,,D*59
$GPRMC,092555.000,A,5908.3730,N,01016.5594,E,10.27,158.96,180415,,,D*53
$GPRMC,092556.000,A,5908.3703,N,01016.5611,E,10.20,162.84,180415,,,D*53
$GPRMC,092557.000,A,5908.3675,N,01016.5626,E,10.45,165.18,180415,,,D*57
$GPRMC,092558.000,A,5908.3646,N,01016.5639,E,10.70,166.45,180415,,,D*5B
$GPRMC,092559.000,A,5908.3617,N,01016.5651,E,10.39,167.62,180415,,,D*59
$GPRMC,092600.000,A,5908.3589,N,01016.5661,E,9.79,168.43,180415,,,D*61

$GPRMC,092601.000,A,5908.3563,N,01016.5670,E,9.49,168.84,180415,,,D*6C

$GPRMC,092602.000,A,5908.3536,N,01016.5679,E,9.67,169.26,180415,,,D*63

$GPRMC,092603.000,A,5908.3509,N,01016.5689,E,10.12,169.86,180415,,,D*51
$GPRMC,092604.000,A,5908.3481,N,01016.5698,E,9.85,170.02,180415,,,D*65

$GPRMC,092605.000,A,5908.3455,N,01016.5707,E,9.62,170.65,180415,,,D*62

$GPRMC,092606.000,A,5908.3428,N,01016.5715,E,9.78,170.75,180415,,,D*62

$GPRMC,092607.000,A,5908.3401,N,01016.5722,E,9.96,170.60,180415,,,D*68

$GPRMC,092608.000,A,5908.3374,N,01016.5730,E,10.03,170.31,180415,,,D*51
$GPRMC,092609.000,A,5908.3346,N,01016.5738,E,10.09,169.98,180415,,,D*58
$GPRMC,092610.000,A,5908.3318,N,01016.5747,E,10.11,170.61,180415,,,D*54
$GPRMC,092611.000,A,5908.3290,N,01016.5754,E,10.11,171.35,180415,,,D*56
$GPRMC,092612.000,A,5908.3262,N,01016.5757,E,10.07,171.10,180415,,,D*5B
$GPRMC,092613.000,A,5908.3235,N,01016.5761,E,10.09,171.22,180415,,,D*52
$GPRMC,092614.000,A,5908.3208,N,01016.5767,E,10.10,171.63,180415,,,D*50
$GPRMC,092615.000,A,5908.3180,N,01016.5773,E,10.10,172.14,180415,,,D*54
$GPRMC,092616.000,A,5908.3152,N,01016.5779,E,10.08,172.66,180415,,,D*5E
$GPRMC,092617.000,A,5908.3124,N,01016.5786,E,10.11,173.50,180415,,,D*52
$GPRMC,092618.000,A,5908.3096,N,01016.5790,E,10.28,174.63,180415,,,D*5F
$GPRMC,092619.000,A,5908.3068,N,01016.5794,E,10.32,175.10,180415,,,D*55
$GPRMC,092620.000,A,5908.3039,N,01016.5799,E,10.28,175.11,180415,,,D*5C
$GPRMC,092621.000,A,5908.3011,N,01016.5806,E,9.97,174.31,180415,,,D*61

$GPRMC,092622.000,A,5908.2984,N,01016.5813,E,9.53,172.89,180415,,,D*6F

$GPRMC,092623.000,A,5908.2957,N,01016.5822,E,9.72,170.57,180415,,,D*60

$GPRMC,092624.000,A,5908.2930,N,01016.5834,E,10.03,168.21,180415,,,D*57
$GPRMC,092625.000,A,5908.2904,N,01016.5847,E,9.52,166.36,180415,,,D*61

$GPRMC,092626.000,A,5908.2879,N,01016.5858,E,8.91,165.78,180415,,,D*60

$GPRMC,092627.000,A,5908.2855,N,01016.5869,E,8.86,166.21,180415,,,D*64

$GPRMC,092628.000,A,5908.2832,N,01016.5878,E,8.79,167.07,180415,,,D*6F

$GPRMC,092629.000,A,5908.2809,N,01016.5887,E,8.18,167.53,180415,,,D*60

$GPRMC,092630.000,A,5908.2787,N,01016.5896,E,7.67,166.95,180415,,,D*6D

$GPRMC,092631.000,A,5908.2767,N,01016.5908,E,7.84,165.16,180415,,,D*61

$GPRMC,092632.000,A,5908.2745,N,01016.5922,E,8.44,163.11,180415,,,D*68

$GPRMC,092633.000,A,5908.2723,N,01016.5938,E,8.49,160.80,180415,,,D*64

$GPRMC,092634.000,A,5908.2701,N,01016.5956,E,8.46,158.68,180415,,,D*69

$GPRMC,092635.000,A,5908.2680,N,01016.5974,E,8.67,157.16,180415,,,D*65

$GPRMC,092636.000,A,5908.2657,N,01016.5994,E,9.09,156.24,180415,,,D*6B

$GPRMC,092637.000,A,5908.2634,N,01016.6014,E,9.30,155.53,180415,,,D*64

$GPRMC,092638.000,A,5908.2610,N,01016.6036,E,9.35,155.11,180415,,,D*6E

$GPRMC,092639.000,A,5908.2586,N,01016.6058,E,9.39,154.77,180415,,,D*66

$GPRMC,092640.000,A,5908.2563,N,01016.6080,E,9.23,154.19,180415,,,D*65

$GPRMC,092641.000,A,5908.2540,N,01016.6102,E,9.18,153.72,180415,,,D*6C

$GPRMC,092642.000,A,5908.2517,N,01016.6124,E,9.18,153.65,180415,,,D*6F

$GPRMC,092643.000,A,5908.2494,N,01016.6147,E,9.17,153.56,180415,,,D*6E

$GPRMC,092644.000,A,5908.2472,N,01016.6173,E,9.10,153.13,180415,,,D*60

$GPRMC,092645.000,A,5908.2450,N,01016.6196,E,8.89,152.63,180415,,,D*6D

$GPRMC,092646.000,A,5908.2429,N,01016.6221,E,8.67,151.63,180415,,,D*6C

$GPRMC,092647.000,A,5908.2410,N,01016.6248,E,8.32,150.90,180415,,,D*65

$GPRMC,092648.000,A,5908.2392,N,01016.6276,E,8.25,150.05,180415,,,D*60

$GPRMC,092649.000,A,5908.2373,N,01016.6305,E,8.60,149.17,180415,,,D*61

$GPRMC,092650.000,A,5908.2356,N,01016.6336,E,8.39,148.10,180415,,,D*64

$GPRMC,092651.000,A,5908.2340,N,01016.6368,E,8.04,146.95,180415,,,D*64

$GPRMC,092652.000,A,5908.2325,N,01016.6402,E,8.39,145.45,180415,,,D*6F

$GPRMC,092653.000,A,5908.2311,N,01016.6439,E,8.58,143.89,180415,,,D*60

$GPRMC,092654.000,A,5908.2298,N,01016.6477,E,8.20,142.06,180415,,,D*64

$GPRMC,092655.000,A,5908.2287,N,01016.6515,E,7.81,139.97,180415,,,D*6E

$GPRMC,092656.000,A,5908.2278,N,01016.6554,E,7.86,111.23,180415,,,D*6A

$GPRMC,092657.000,A,5908.2272,N,01016.6596,E,8.39,102.64,180415,,,D*65

$GPRMC,092658.000,A,5908.2270,N,01016.6643,E,8.67,90.93,180415,,,D*5A

$GPRMC,092659.000,A,5908.2272,N,01016.6691,E,8.67,82.65,180415,,,D*5C

$GPRMC,092700.000,A,5908.2275,N,01016.6738,E,8.72,82.31,180415,,,D*51

$GPRMC,092701.000,A,5908.2280,N,01016.6787,E,8.79,83.65,180415,,,D*55

$GPRMC,092702.000,A,5908.2283,N,01016.6835,E,9.06,84.69,180415,,,D*51

$GPRMC,092703.000,A,5908.2286,N,01016.6885,E,9.26,85.16,180415,,,D*55

$GPRMC,092704.000,A,5908.2289,N,01016.6936,E,9.53,85.36,180415,,,D*54

$GPRMC,092705.000,A,5908.2292,N,01016.6988,E,9.50,84.95,180415,,,D*51

$GPRMC,092706.000,A,5908.2296,N,01016.7039,E,9.48,85.14,180415,,,D*55

$GPRMC,092707.000,A,5908.2299,N,01016.7091,E,9.45,84.57,180415,,,D*52

$GPRMC,092708.000,A,5908.2301,N,01016.7141,E,8.90,84.38,180415,,,D*51

$GPRMC,092709.000,A,5908.2303,N,01016.7187,E,8.14,84.37,180415,,,D*5B

$GPRMC,092710.000,A,5908.2305,N,01016.7230,E,7.40,84.80,180415,,,D*58

$GPRMC,092711.000,A,5908.2306,N,01016.7271,E,7.88,85.42,180415,,,D*54

$GPRMC,092712.000,A,5908.2307,N,01016.7315,E,8.53,86.01,180415,,,D*58

$GPRMC,092713.000,A,5908.2309,N,01016.7362,E,8.61,87.25,180415,,,D*51

$GPRMC,092714.000,A,5908.2311,N,01016.7409,E,8.61,88.76,180415,,,D*5C

$GPRMC,092715.000,A,5908.2309,N,01016.7455,E,8.53,90.58,180415,,,D*59

$GPRMC,092716.000,A,5908.2308,N,01016.7498,E,8.36,92.75,180415,,,D*54

$GPRMC,092717.000,A,5908.2305,N,01016.7544,E,8.90,94.72,180415,,,D*55

$GPRMC,092718.000,A,5908.2302,N,01016.7593,E,9.63,96.11,180415,,,D*5D

$GPRMC,092719.000,A,5908.2299,N,01016.7644,E,9.62,97.34,180415,,,D*51

$GPRMC,092720.000,A,5908.2295,N,01016.7693,E,9.05,98.34,180415,,,D*53

$GPRMC,092721.000,A,5908.2291,N,01016.7742,E,9.04,99.34,180415,,,D*5B

$GPRMC,092722.000,A,5908.2286,N,01016.7792,E,9.73,100.82,180415,,,D*6F
$GPRMC,092723.000,A,5908.2279,N,01016.7842,E,9.36,102.40,180415,,,D*61
$GPRMC,092724.000,A,5908.2271,N,01016.7889,E,8.82,104.69,180415,,,D*6A
$GPRMC,092725.000,A,5908.2263,N,01016.7934,E,8.77,105.89,180415,,,D*6A
$GPRMC,092726.000,A,5908.2255,N,01016.7975,E,8.77,114.97,180415,,,D*66
$GPRMC,092727.000,A,5908.2245,N,01016.8015,E,8.47,118.88,180415,,,D*67
$GPRMC,092728.000,A,5908.2233,N,01016.8053,E,7.94,122.62,180415,,,D*67
$GPRMC,092729.000,A,5908.2221,N,01016.8086,E,7.50,128.83,180415,,,D*60
$GPRMC,092730.000,A,5908.2207,N,01016.8116,E,7.24,133.68,180415,,,D*68
$GPRMC,092731.000,A,5908.2193,N,01016.8143,E,7.42,138.09,180415,,,D*6B
$GPRMC,092732.000,A,5908.2176,N,01016.8169,E,7.89,142.69,180415,,,D*67
$GPRMC,092733.000,A,5908.2158,N,01016.8194,E,8.24,147.58,180415,,,D*67
$GPRMC,092734.000,A,5908.2138,N,01016.8216,E,8.20,150.26,180415,,,D*64
$GPRMC,092735.000,A,5908.2117,N,01016.8236,E,8.02,151.40,180415,,,D*6B
$GPRMC,092736.000,A,5908.2097,N,01016.8256,E,8.04,152.32,180415,,,D*67
$GPRMC,092737.000,A,5908.2077,N,01016.8276,E,8.11,152.81,180415,,,D*66
$GPRMC,092738.000,A,5908.2057,N,01016.8295,E,8.18,152.19,180415,,,D*6E
$GPRMC,092739.000,A,5908.2036,N,01016.8316,E,8.24,151.85,180415,,,D*6B
$GPRMC,092740.000,A,5908.2015,N,01016.8337,E,8.44,151.51,180415,,,D*68
$GPRMC,092741.000,A,5908.1994,N,01016.8357,E,8.41,151.25,180415,,,D*6A
$GPRMC,092742.000,A,5908.1974,N,01016.8378,E,8.38,151.41,180415,,,D*66
$GPRMC,092743.000,A,5908.1953,N,01016.8398,E,8.40,151.40,180415,,,D*62
$GPRMC,092744.000,A,5908.1932,N,01016.8420,E,8.44,151.57,180415,,,D*64
$GPRMC,092745.000,A,5908.1911,N,01016.8439,E,8.40,151.72,180415,,,D*6F
$GPRMC,092746.000,A,5908.1890,N,01016.8460,E,8.62,151.68,180415,,,D*63
$GPRMC,092747.000,A,5908.1868,N,01016.8482,E,9.00,151.57,180415,,,D*60
$GPRMC,092748.000,A,5908.1846,N,01016.8506,E,9.20,151.29,180415,,,D*65
$GPRMC,092749.000,A,5908.1823,N,01016.8530,E,9.27,151.04,180415,,,D*6A
$GPRMC,092750.000,A,5908.1800,N,01016.8555,E,9.51,151.07,180415,,,D*62
$GPRMC,092751.000,A,5908.1776,N,01016.8580,E,9.67,151.23,180415,,,D*66
$GPRMC,092752.000,A,5908.1752,N,01016.8606,E,9.66,151.29,180415,,,D*65
$GPRMC,092753.000,A,5908.1728,N,01016.8631,E,9.60,151.26,180415,,,D*64
$GPRMC,092754.000,A,5908.1705,N,01016.8654,E,9.30,151.31,180415,,,D*6C
$GPRMC,092755.000,A,5908.1683,N,01016.8679,E,9.05,151.45,180415,,,D*68
$GPRMC,092756.000,A,5908.1661,N,01016.8702,E,8.99,151.62,180415,,,D*6B
$GPRMC,092757.000,A,5908.1640,N,01016.8726,E,8.59,151.00,180415,,,D*67
$GPRMC,092758.000,A,5908.1620,N,01016.8750,E,8.37,149.49,180415,,,D*63
$GPRMC,092759.000,A,5908.1600,N,01016.8777,E,8.98,147.66,180415,,,D*63
$GPRMC,092800.000,A,5908.1580,N,01016.8805,E,8.91,145.84,180415,,,D*66
$GPRMC,092801.000,A,5908.1560,N,01016.8832,E,8.58,144.48,180415,,,D*69
$GPRMC,092802.000,A,5908.1541,N,01016.8861,E,8.80,143.31,180415,,,D*63
$GPRMC,092803.000,A,5908.1522,N,01016.8892,E,9.31,141.38,180415,,,D*6B
$GPRMC,092804.000,A,5908.1503,N,01016.8928,E,9.58,134.05,180415,,,D*6C
$GPRMC,092805.000,A,5908.1485,N,01016.8967,E,9.59,130.83,180415,,,D*62
$GPRMC,092806.000,A,5908.1467,N,01016.9007,E,9.86,130.04,180415,,,D*6E
$GPRMC,092807.000,A,5908.1449,N,01016.9049,E,10.05,130.00,180415,,,D*5E
$GPRMC,092808.000,A,5908.1432,N,01016.9090,E,10.10,130.01,180415,,,D*5C
$GPRMC,092809.000,A,5908.1413,N,01016.9132,E,10.07,130.13,180415,,,D*52
$GPRMC,092810.000,A,5908.1395,N,01016.9175,E,10.08,130.98,180415,,,D*5C
$GPRMC,092811.000,A,5908.1376,N,01016.9217,E,10.24,131.85,180415,,,D*54
$GPRMC,092812.000,A,5908.1356,N,01016.9258,E,10.30,133.13,180415,,,D*56
$GPRMC,092813.000,A,5908.1336,N,01016.9299,E,10.64,134.40,180415,,,D*5C
$GPRMC,092814.000,A,5908.1315,N,01016.9339,E,10.95,136.16,180415,,,D*5E
$GPRMC,092815.000,A,5908.1292,N,01016.9379,E,11.16,137.81,180415,,,D*50
$GPRMC,092816.000,A,5908.1267,N,01016.9421,E,11.14,139.48,180415,,,D*5A
$GPRMC,092817.000,A,5908.1245,N,01016.9460,E,10.86,141.04,180415,,,D*53
$GPRMC,092818.000,A,5908.1222,N,01016.9494,E,10.28,142.27,180415,,,D*50
$GPRMC,092819.000,A,5908.1201,N,01016.9526,E,9.77,143.63,180415,,,D*6B

$GPRMC,092820.000,A,5908.1179,N,01016.9557,E,9.78,144.42,180415,,,D*60

$GPRMC,092821.000,A,5908.1157,N,01016.9587,E,9.75,144.74,180415,,,D*68

$GPRMC,092822.000,A,5908.1135,N,01016.9617,E,9.68,145.31,180415,,,D*69

$GPRMC,092823.000,A,5908.1113,N,01016.9647,E,9.88,145.85,180415,,,D*68

$GPRMC,092824.000,A,5908.1090,N,01016.9676,E,9.85,146.35,180415,,,D*62

$GPRMC,092825.000,A,5908.1068,N,01016.9704,E,9.45,147.06,180415,,,D*6D

$GPRMC,092826.000,A,5908.1046,N,01016.9730,E,9.05,147.59,180415,,,D*6B

$GPRMC,092827.000,A,5908.1025,N,01016.9755,E,8.76,148.02,180415,,,D*68

$GPRMC,092828.000,A,5908.1004,N,01016.9778,E,8.70,148.63,180415,,,D*6A

$GPRMC,092829.000,A,5908.0983,N,01016.9802,E,8.76,149.11,180415,,,D*6C

$GPRMC,092830.000,A,5908.0962,N,01016.9825,E,9.00,149.62,180415,,,D*6A

$GPRMC,092831.000,A,5908.0940,N,01016.9849,E,9.00,149.95,180415,,,D*69

$GPRMC,092832.000,A,5908.0918,N,01016.9872,E,8.94,150.12,180415,,,D*64

$GPRMC,092833.000,A,5908.0897,N,01016.9895,E,8.76,150.42,180415,,,D*63

$GPRMC,092834.000,A,5908.0875,N,01016.9917,E,8.72,151.33,180415,,,D*60

$GPRMC,092835.000,A,5908.0853,N,01016.9937,E,8.79,153.18,180415,,,D*67

$GPRMC,092836.000,A,5908.0830,N,01016.9956,E,9.30,154.17,180415,,,D*62

$GPRMC,092837.000,A,5908.0805,N,01016.9972,E,9.70,155.26,180415,,,D*64

$GPRMC,092838.000,A,5908.0779,N,01016.9986,E,9.93,156.34,180415,,,D*69

$GPRMC,092839.000,A,5908.0752,N,01016.9997,E,9.99,157.40,180415,,,D*69

$GPRMC,092840.000,A,5908.0724,N,01017.0005,E,10.02,158.58,180415,,,D*50
$GPRMC,092841.000,A,5908.0696,N,01017.0010,E,10.19,160.23,180415,,,D*50
$GPRMC,092842.000,A,5908.0667,N,01017.0014,E,10.76,161.70,180415,,,D*57
$GPRMC,092843.000,A,5908.0636,N,01017.0017,E,11.29,163.13,180415,,,D*5D
$GPRMC,092844.000,A,5908.0605,N,01017.0020,E,11.27,164.55,180415,,,D*55
$GPRMC,092845.000,A,5908.0575,N,01017.0022,E,10.70,165.89,180415,,,D*51
$GPRMC,092846.000,A,5908.0545,N,01017.0025,E,10.39,167.08,180415,,,D*50
$GPRMC,092847.000,A,5908.0515,N,01017.0027,E,11.10,168.15,180415,,,D*5F
$GPRMC,092848.000,A,5908.0484,N,01017.0027,E,10.41,169.16,180415,,,D*5E
$GPRMC,092849.000,A,5908.0457,N,01017.0028,E,9.28,170.06,180415,,,D*60

$GPRMC,092850.000,A,5908.0434,N,01017.0032,E,8.81,171.94,180415,,,D*6E

$GPRMC,092851.000,A,5908.0410,N,01017.0038,E,8.74,171.68,180415,,,D*6A

$GPRMC,092852.000,A,5908.0386,N,01017.0049,E,8.75,171.61,180415,,,D*6F

$GPRMC,092853.000,A,5908.0363,N,01017.0063,E,8.79,171.10,180415,,,D*67

$GPRMC,092854.000,A,5908.0340,N,01017.0080,E,8.78,170.08,180415,,,D*65

$GPRMC,092855.000,A,5908.0319,N,01017.0098,E,8.52,168.73,180415,,,D*6C

$GPRMC,092856.000,A,5908.0298,N,01017.0118,E,8.52,167.82,180415,,,D*6F

$GPRMC,092857.000,A,5908.0277,N,01017.0138,E,8.55,166.42,180415,,,D*67

$GPRMC,092858.000,A,5908.0255,N,01017.0157,E,8.71,165.20,180415,,,D*60

$GPRMC,092859.000,A,5908.0233,N,01017.0177,E,8.74,164.10,180415,,,D*64

$GPRMC,092900.000,A,5908.0211,N,01017.0196,E,8.71,163.12,180415,,,D*66

$GPRMC,092901.000,A,5908.0189,N,01017.0216,E,8.46,162.25,180415,,,D*6F

$GPRMC,092902.000,A,5908.0168,N,01017.0235,E,8.22,161.38,180415,,,D*6F

$GPRMC,092903.000,A,5908.0148,N,01017.0254,E,8.19,160.70,180415,,,D*6E

$GPRMC,092904.000,A,5908.0127,N,01017.0272,E,8.26,158.76,180415,,,D*65

$GPRMC,092905.000,A,5908.0105,N,01017.0290,E,8.65,158.05,180415,,,D*6B

$GPRMC,092906.000,A,5908.0082,N,01017.0307,E,9.02,159.03,180415,,,D*6E

$GPRMC,092907.000,A,5908.0057,N,01017.0319,E,9.42,169.36,180415,,,D*69

$GPRMC,092908.000,A,5908.0031,N,01017.0325,E,9.61,178.26,180415,,,D*69

$GPRMC,092909.000,A,5908.0004,N,01017.0322,E,9.57,187.76,180415,,,D*69

$GPRMC,092910.000,A,5907.9979,N,01017.0312,E,9.50,196.92,180415,,,D*6A

$GPRMC,092911.000,A,5907.9956,N,01017.0292,E,9.47,207.31,180415,,,D*6B

$GPRMC,092912.000,A,5907.9934,N,01017.0264,E,9.77,218.23,180415,,,D*6B

$GPRMC,092913.000,A,5907.9915,N,01017.0228,E,9.75,229.79,180415,,,D*6E

$GPRMC,092914.000,A,5907.9901,N,01017.0187,E,8.95,239.34,180415,,,D*6D

$GPRMC,092915.000,A,5907.9891,N,01017.0143,E,8.69,247.45,180415,,,D*60

$GPRMC,092916.000,A,5907.9884,N,01017.0099,E,8.72,253.67,180415,,,D*6E

$GPRMC,092917.000,A,5907.9879,N,01017.0053,E,8.72,257.70,180415,,,D*69

$GPRMC,092918.000,A,5907.9877,N,01017.0008,E,8.69,259.15,180415,,,D*61

$GPRMC,092919.000,A,5907.9876,N,01016.9961,E,8.71,259.21,180415,,,D*61

$GPRMC,092920.000,A,5907.9873,N,01016.9914,E,8.72,259.03,180415,,,D*6F

$GPRMC,092921.000,A,5907.9871,N,01016.9867,E,8.70,258.03,180415,,,D*6A

$GPRMC,092922.000,A,5907.9867,N,01016.9821,E,8.39,256.24,180415,,,D*6A

$GPRMC,092923.000,A,5907.9862,N,01016.9777,E,7.99,253.76,180415,,,D*65

$GPRMC,092924.000,A,5907.9855,N,01016.9736,E,7.99,250.83,180415,,,D*6A

$GPRMC,092925.000,A,5907.9847,N,01016.9695,E,8.14,244.26,180415,,,D*60

$GPRMC,092926.000,A,5907.9835,N,01016.9655,E,8.48,236.67,180415,,,D*63

$GPRMC,092927.000,A,5907.9821,N,01016.9617,E,9.08,230.00,180415,,,D*63

$GPRMC,092928.000,A,5907.9803,N,01016.9579,E,9.78,225.21,180415,,,D*67

$GPRMC,092929.000,A,5907.9782,N,01016.9542,E,9.97,221.16,180415,,,D*69

$GPRMC,092930.000,A,5907.9761,N,01016.9508,E,9.76,218.90,180415,,,D*69

$GPRMC,092931.000,A,5907.9739,N,01016.9476,E,10.10,215.27,180415,,,D*54
$GPRMC,092932.000,A,5907.9718,N,01016.9446,E,9.25,216.57,180415,,,D*6D

$GPRMC,092933.000,A,5907.9698,N,01016.9416,E,9.08,216.58,180415,,,D*60

$GPRMC,092934.000,A,5907.9678,N,01016.9388,E,9.07,215.28,180415,,,D*62

$GPRMC,092935.000,A,5907.9656,N,01016.9360,E,9.27,213.28,180415,,,D*6D

$GPRMC,092936.000,A,5907.9633,N,01016.9334,E,9.27,210.94,180415,,,D*68

$GPRMC,092937.000,A,5907.9611,N,01016.9310,E,9.04,209.43,180415,,,D*6C

$GPRMC,092938.000,A,5907.9588,N,01016.9288,E,9.30,206.98,180415,,,D*6E

$GPRMC,092939.000,A,5907.9564,N,01016.9266,E,9.70,204.90,180415,,,D*63

$GPRMC,092940.000,A,5907.9539,N,01016.9244,E,9.78,203.37,180415,,,D*67

$GPRMC,092941.000,A,5907.9513,N,01016.9224,E,9.55,202.00,180415,,,D*62

$GPRMC,092942.000,A,5907.9489,N,01016.9204,E,9.18,200.88,180415,,,D*6A

$GPRMC,092943.000,A,5907.9464,N,01016.9187,E,9.19,199.98,180415,,,D*63

$GPRMC,092944.000,A,5907.9439,N,01016.9169,E,9.48,199.40,180415,,,D*6D

$GPRMC,092945.000,A,5907.9414,N,01016.9153,E,9.50,198.87,180415,,,D*69

$GPRMC,092946.000,A,5907.9388,N,01016.9137,E,9.44,198.41,180415,,,D*65

$GPRMC,092947.000,A,5907.9362,N,01016.9122,E,9.37,197.43,180415,,,D*6D

$GPRMC,092948.000,A,5907.9337,N,01016.9108,E,9.30,196.45,180415,,,D*6A

$GPRMC,092949.000,A,5907.9311,N,01016.9095,E,9.65,195.97,180415,,,D*66

$GPRMC,092950.000,A,5907.9285,N,01016.9081,E,9.70,195.48,180415,,,D*61

$GPRMC,092951.000,A,5907.9259,N,01016.9067,E,9.35,195.11,180415,,,D*64

$GPRMC,092952.000,A,5907.9234,N,01016.9054,E,9.01,195.03,180415,,,D*68

$GPRMC,092953.000,A,5907.9209,N,01016.9040,E,9.30,194.87,180415,,,D*6D

$GPRMC,092954.000,A,5907.9183,N,01016.9026,E,9.72,194.88,180415,,,D*62

$GPRMC,092955.000,A,5907.9156,N,01016.9011,E,9.95,195.48,180415,,,D*6B

$GPRMC,092956.000,A,5907.9129,N,01016.8994,E,9.66,196.46,180415,,,D*64

$GPRMC,092957.000,A,5907.9103,N,01016.8977,E,9.60,198.19,180415,,,D*62

$GPRMC,092958.000,A,5907.9079,N,01016.8958,E,9.25,200.59,180415,,,D*6B

$GPRMC,092959.000,A,5907.9056,N,01016.8936,E,9.02,201.83,180415,,,D*6C

$GPRMC,093000.000,A,5907.9034,N,01016.8912,E,9.09,203.05,180415,,,D*6D

$GPRMC,093001.000,A,5907.9012,N,01016.8886,E,9.06,204.22,180415,,,D*69

$GPRMC,093002.000,A,5907.8992,N,01016.8857,E,9.02,205.25,180415,,,D*64

$GPRMC,093003.000,A,5907.8973,N,01016.8824,E,9.09,206.29,180415,,,D*6A

$GPRMC,093004.000,A,5907.8954,N,01016.8795,E,9.14,207.67,180415,,,D*6A

$GPRMC,093005.000,A,5907.8936,N,01016.8762,E,8.95,208.78,180415,,,D*6E

$GPRMC,093006.000,A,5907.8919,N,01016.8730,E,8.34,209.84,180415,,,D*6E

$GPRMC,093007.000,A,5907.8902,N,01016.8703,E,8.32,210.90,180415,,,D*6E

$GPRMC,093008.000,A,5907.8884,N,01016.8673,E,8.94,211.93,180415,,,D*66

$GPRMC,093009.000,A,5907.8864,N,01016.8642,E,9.22,212.87,180415,,,D*61

$GPRMC,093010.000,A,5907.8844,N,01016.8613,E,8.88,214.62,180415,,,D*63

$GPRMC,093011.000,A,5907.8823,N,01016.8591,E,8.62,214.55,180415,,,D*6A

$GPRMC,093012.000,A,5907.8800,N,01016.8584,E,8.56,213.05,180415,,,D*69

$GPRMC,093013.000,A,5907.8778,N,01016.8594,E,7.46,209.89,180415,,,D*68

$GPRMC,093014.000,A,5907.8760,N,01016.8615,E,7.10,205.44,180415,,,D*62

$GPRMC,093015.000,A,5907.8745,N,01016.8642,E,7.33,199.86,180415,,,D*6F

$GPRMC,093016.000,A,5907.8731,N,01016.8674,E,7.63,194.17,180415,,,D*6A

$GPRMC,093017.000,A,5907.8717,N,01016.8709,E,7.82,188.31,180415,,,D*62

$GPRMC,093018.000,A,5907.8702,N,01016.8742,E,8.01,183.01,180415,,,D*6A

$GPRMC,093019.000,A,5907.8684,N,01016.8770,E,8.02,178.60,180415,,,D*65

$GPRMC,093020.000,A,5907.8665,N,01016.8790,E,7.65,175.26,180415,,,D*6F

$GPRMC,093021.000,A,5907.8646,N,01016.8806,E,7.47,172.75,180415,,,D*6E

$GPRMC,093022.000,A,5907.8626,N,01016.8820,E,8.05,170.77,180415,,,D*66

$GPRMC,093023.000,A,5907.8603,N,01016.8834,E,8.48,169.22,180415,,,D*64

$GPRMC,093024.000,A,5907.8580,N,01016.8848,E,9.02,167.99,180415,,,D*61

$GPRMC,093025.000,A,5907.8555,N,01016.8862,E,9.34,165.66,180415,,,D*67

$GPRMC,093026.000,A,5907.8530,N,01016.8876,E,9.39,164.05,180415,,,D*6B

$GPRMC,093027.000,A,5907.8505,N,01016.8891,E,9.40,162.82,180415,,,D*62

$GPRMC,093028.000,A,5907.8480,N,01016.8906,E,9.38,162.14,180415,,,D*6E

$GPRMC,093029.000,A,5907.8455,N,01016.8921,E,9.33,161.97,180415,,,D*61

$GPRMC,093030.000,A,5907.8430,N,01016.8935,E,9.12,162.42,180415,,,D*67

$GPRMC,093031.000,A,5907.8406,N,01016.8950,E,9.05,162.63,180415,,,D*65

$GPRMC,093032.000,A,5907.8382,N,01016.8964,E,8.86,162.87,180415,,,D*6A

$GPRMC,093033.000,A,5907.8358,N,01016.8978,E,8.80,163.03,180415,,,D*6A

$GPRMC,093034.000,A,5907.8336,N,01016.8993,E,8.32,163.04,180415,,,D*6E

$GPRMC,093035.000,A,5907.8314,N,01016.9007,E,8.32,162.82,180415,,,D*65

$GPRMC,093036.000,A,5907.8291,N,01016.9021,E,8.53,162.60,180415,,,D*65

$GPRMC,093037.000,A,5907.8267,N,01016.9034,E,8.72,162.29,180415,,,D*67

$GPRMC,093038.000,A,5907.8243,N,01016.9049,E,9.24,162.01,180415,,,D*6C

$GPRMC,093039.000,A,5907.8218,N,01016.9064,E,9.27,161.99,180415,,,D*6D

$GPRMC,093040.000,A,5907.8194,N,01016.9079,E,9.25,162.19,180415,,,D*61

$GPRMC,093041.000,A,5907.8169,N,01016.9094,E,9.20,162.51,180415,,,D*68

$GPRMC,093042.000,A,5907.8145,N,01016.9109,E,9.13,162.65,180415,,,D*67

$GPRMC,093043.000,A,5907.8121,N,01016.9123,E,8.88,162.94,180415,,,D*61

$GPRMC,093044.000,A,5907.8098,N,01016.9137,E,8.66,162.95,180415,,,D*61

$GPRMC,093045.000,A,5907.8075,N,01016.9150,E,8.50,162.99,180415,,,D*6B

$GPRMC,093046.000,A,5907.8053,N,01016.9164,E,8.46,163.02,180415,,,D*6F

$GPRMC,093047.000,A,5907.8030,N,01016.9178,E,8.42,163.14,180415,,,D*65

$GPRMC,093048.000,A,5907.8008,N,01016.9191,E,8.38,163.10,180415,,,D*6F

$GPRMC,093049.000,A,5907.7986,N,01016.9203,E,8.08,163.16,180415,,,D*63

$GPRMC,093050.000,A,5907.7965,N,01016.9215,E,8.12,163.21,180415,,,D*6E

$GPRMC,093051.000,A,5907.7943,N,01016.9228,E,8.19,163.15,180415,,,D*69

$GPRMC,093052.000,A,5907.7921,N,01016.9242,E,8.44,162.85,180415,,,D*62

$GPRMC,093053.000,A,5907.7898,N,01016.9256,E,8.46,162.45,180415,,,D*6B

$GPRMC,093054.000,A,5907.7876,N,01016.9270,E,8.41,162.07,180415,,,D*69

$GPRMC,093055.000,A,5907.7854,N,01016.9284,E,8.22,161.72,180415,,,D*67

$GPRMC,093056.000,A,5907.7833,N,01016.9297,E,8.15,161.50,180415,,,D*63

$GPRMC,093057.000,A,5907.7812,N,01016.9310,E,7.91,162.12,180415,,,D*69

$GPRMC,093058.000,A,5907.7791,N,01016.9319,E,7.40,171.53,180415,,,D*60

$GPRMC,093059.000,A,5907.7772,N,01016.9318,E,6.69,189.91,180415,,,D*6E

$GPRMC,093100.000,A,5907.7756,N,01016.9307,E,6.20,210.76,180415,,,D*6C

$GPRMC,093101.000,A,5907.7743,N,01016.9284,E,6.20,231.48,180415,,,D*6D

$GPRMC,093102.000,A,5907.7735,N,01016.9253,E,6.27,247.32,180415,,,D*6E

$GPRMC,093103.000,A,5907.7730,N,01016.9219,E,6.50,253.20,180415,,,D*62

$GPRMC,093104.000,A,5907.7726,N,01016.9183,E,6.67,255.98,180415,,,D*63

$GPRMC,093105.000,A,5907.7725,N,01016.9137,E,7.06,257.50,180415,,,D*6E

$GPRMC,093106.000,A,5907.7724,N,01016.9096,E,7.07,259.42,180415,,,D*6A

$GPRMC,093107.000,A,5907.7721,N,01016.9058,E,6.66,259.91,180415,,,D*64

$GPRMC,093108.000,A,5907.7719,N,01016.9021,E,6.67,260.09,180415,,,D*64

$GPRMC,093109.000,A,5907.7716,N,01016.8984,E,6.85,260.50,180415,,,D*6D

$GPRMC,093110.000,A,5907.7714,N,01016.8948,E,6.80,265.05,180415,,,D*67

$GPRMC,093111.000,A,5907.7715,N,01016.8913,E,6.72,277.05,180415,,,D*67

$GPRMC,093112.000,A,5907.7721,N,01016.8882,E,6.45,296.90,180415,,,D*6D

$GPRMC,093113.000,A,5907.7732,N,01016.8856,E,6.22,316.97,180415,,,D*68

$GPRMC,093114.000,A,5907.7747,N,01016.8839,E,6.21,336.64,180415,,,D*69

$GPRMC,093115.000,A,5907.7764,N,01016.8829,E,6.25,345.85,180415,,,D*67

$GPRMC,093116.000,A,5907.7782,N,01016.8821,E,6.65,347.37,180415,,,D*6B

$GPRMC,093117.000,A,5907.7800,N,01016.8815,E,6.64,347.22,180415,,,D*6D

$GPRMC,093118.000,A,5907.7818,N,01016.8808,E,6.40,345.95,180415,,,D*6F

$GPRMC,093119.000,A,5907.7836,N,01016.8799,E,6.34,343.36,180415,,,D*69

$GPRMC,093120.000,A,5907.7852,N,01016.8787,E,6.05,335.34,180415,,,D*6F

$GPRMC,093121.000,A,5907.7866,N,01016.8770,E,6.01,321.26,180415,,,D*63

$GPRMC,093122.000,A,5907.7877,N,01016.8746,E,6.01,303.16,180415,,,D*66

$GPRMC,093123.000,A,5907.7884,N,01016.8714,E,6.64,284.86,180415,,,D*68

$GPRMC,093124.000,A,5907.7886,N,01016.8677,E,7.12,267.65,180415,,,D*69

$GPRMC,093125.000,A,5907.7883,N,01016.8639,E,7.16,257.30,180415,,,D*60

$GPRMC,093126.000,A,5907.7878,N,01016.8601,E,7.20,257.57,180415,,,D*68

$GPRMC,093127.000,A,5907.7874,N,01016.8564,E,7.19,258.96,180415,,,D*6D

$GPRMC,093128.000,A,5907.7871,N,01016.8524,E,7.39,259.88,180415,,,D*6F

$GPRMC,093129.000,A,5907.7867,N,01016.8484,E,7.46,260.89,180415,,,D*61

$GPRMC,093130.000,A,5907.7864,N,01016.8443,E,7.90,260.96,180415,,,D*64

$GPRMC,093131.000,A,5907.7861,N,01016.8401,E,7.96,261.35,180415,,,D*68

$GPRMC,093132.000,A,5907.7857,N,01016.8358,E,8.02,260.82,180415,,,D*6A

$GPRMC,093133.000,A,5907.7853,N,01016.8314,E,8.60,259.97,180415,,,D*6D

$GPRMC,093134.000,A,5907.7848,N,01016.8266,E,9.18,259.25,180415,,,D*63

$GPRMC,093135.000,A,5907.7843,N,01016.8218,E,9.11,258.91,180415,,,D*67

$GPRMC,093136.000,A,5907.7838,N,01016.8172,E,8.66,258.88,180415,,,D*6E

$GPRMC,093137.000,A,5907.7835,N,01016.8128,E,8.35,258.87,180415,,,D*64

$GPRMC,093138.000,A,5907.7832,N,01016.8087,E,7.83,258.73,180415,,,D*61

$GPRMC,093139.000,A,5907.7828,N,01016.8047,E,7.29,258.62,180415,,,D*67

$GPRMC,093140.000,A,5907.7824,N,01016.8010,E,6.90,258.59,180415,,,D*6C

$GPRMC,093141.000,A,5907.7820,N,01016.7973,E,6.94,258.46,180415,,,D*60

$GPRMC,093142.000,A,5907.7815,N,01016.7935,E,7.14,258.30,180415,,,D*6F

$GPRMC,093143.000,A,5907.7811,N,01016.7899,E,6.77,258.43,180415,,,D*6D

$GPRMC,093144.000,A,5907.7808,N,01016.7863,E,6.40,258.45,180415,,,D*65

$GPRMC,093145.000,A,5907.7804,N,01016.7829,E,6.21,258.53,180415,,,D*66

$GPRMC,093146.000,A,5907.7801,N,01016.7798,E,5.88,259.59,180415,,,D*6E

$GPRMC,093147.000,A,5907.7799,N,01016.7767,E,5.61,267.19,180415,,,D*6F

$GPRMC,093148.000,A,5907.7800,N,01016.7734,E,6.58,278.73,180415,,,D*62

$GPRMC,093149.000,A,5907.7806,N,01016.7699,E,7.33,293.93,180415,,,D*64

$GPRMC,093150.000,A,5907.7816,N,01016.7666,E,7.33,306.87,180415,,,D*65

$GPRMC,093151.000,A,5907.7830,N,01016.7637,E,7.09,312.99,180415,,,D*67

$GPRMC,093152.000,A,5907.7843,N,01016.7609,E,6.93,313.65,180415,,,D*6D

$GPRMC,093153.000,A,5907.7856,N,01016.7582,E,6.96,314.26,180415,,,D*6D

$GPRMC,093154.000,A,5907.7871,N,01016.7554,E,7.90,315.55,180415,,,D*66

$GPRMC,093155.000,A,5907.7887,N,01016.7523,E,7.98,316.23,180415,,,D*64

$GPRMC,093156.000,A,5907.7903,N,01016.7494,E,7.99,316.21,180415,,,D*64

$GPRMC,093157.000,A,5907.7919,N,01016.7464,E,8.06,315.99,180415,,,D*68

$GPRMC,093158.000,A,5907.7936,N,01016.7434,E,8.13,316.59,180415,,,D*64

$GPRMC,093159.000,A,5907.7953,N,01016.7404,E,8.13,317.53,180415,,,D*6E

$GPRMC,093200.000,A,5907.7969,N,01016.7375,E,7.93,318.38,180415,,,D*6C

$GPRMC,093201.000,A,5907.7985,N,01016.7349,E,7.09,318.75,180415,,,D*6A

$GPRMC,093202.000,A,5907.7998,N,01016.7327,E,5.55,319.24,180415,,,D*63

$GPRMC,093203.000,A,5907.8008,N,01016.7310,E,3.93,319.54,180415,,,D*62

$GPRMC,093204.000,A,5907.8015,N,01016.7296,E,3.90,312.95,180415,,,D*63

$GPRMC,093205.000,A,5907.8022,N,01016.7277,E,5.07,298.04,180415,,,D*6A

$GPRMC,093206.000,A,5907.8026,N,01016.7250,E,5.57,281.74,180415,,,D*62

$GPRMC,093207.000,A,5907.8025,N,01016.7218,E,6.50,262.95,180415,,,D*6A

$GPRMC,093208.000,A,5907.8020,N,01016.7183,E,7.53,248.38,180415,,,D*6C

$GPRMC,093209.000,A,5907.8010,N,01016.7145,E,7.79,242.04,180415,,,D*69

$GPRMC,093210.000,A,5907.7999,N,01016.7106,E,8.34,240.36,180415,,,D*64

$GPRMC,093211.000,A,5907.7988,N,01016.7065,E,8.79,238.85,180415,,,D*6F

$GPRMC,093212.000,A,5907.7975,N,01016.7024,E,9.17,238.38,180415,,,D*64

$GPRMC,093213.000,A,5907.7961,N,01016.6982,E,9.51,238.56,180415,,,D*6E

$GPRMC,093214.000,A,5907.7947,N,01016.6938,E,9.46,239.47,180415,,,D*6B

$GPRMC,093215.000,A,5907.7935,N,01016.6895,E,9.02,241.39,180415,,,D*6F

$GPRMC,093216.000,A,5907.7924,N,01016.6854,E,8.33,243.44,180415,,,D*6A

$GPRMC,093217.000,A,5907.7916,N,01016.6816,E,7.54,245.74,180415,,,D*67

$GPRMC,093218.000,A,5907.7908,N,01016.6779,E,7.05,247.99,180415,,,D*64

$GPRMC,093219.000,A,5907.7902,N,01016.6743,E,7.11,249.51,180415,,,D*69

$GPRMC,093220.000,A,5907.7898,N,01016.6706,E,7.28,250.77,180415,,,D*66

$GPRMC,093221.000,A,5907.7894,N,01016.6669,E,7.00,251.88,180415,,,D*68

$GPRMC,093222.000,A,5907.7891,N,01016.6633,E,6.93,252.97,180415,,,D*67

$GPRMC,093223.000,A,5907.7890,N,01016.6596,E,6.98,253.98,180415,,,D*6E

$GPRMC,093224.000,A,5907.7887,N,01016.6558,E,7.29,255.19,180415,,,D*69

$GPRMC,093225.000,A,5907.7884,N,01016.6519,E,7.35,257.36,180415,,,D*6C

$GPRMC,093226.000,A,5907.7881,N,01016.6479,E,7.65,258.37,180415,,,D*66

$GPRMC,093227.000,A,5907.7875,N,01016.6437,E,8.22,258.90,180415,,,D*67

$GPRMC,093228.000,A,5907.7870,N,01016.6391,E,8.81,259.71,180415,,,D*61

$GPRMC,093229.000,A,5907.7867,N,01016.6343,E,9.21,265.30,180415,,,D*68

$GPRMC,093230.000,A,5907.7866,N,01016.6293,E,9.23,269.86,180415,,,D*6E

$GPRMC,093231.000,A,5907.7867,N,01016.6241,E,9.43,273.84,180415,,,D*6E

$GPRMC,093232.000,A,5907.7870,N,01016.6187,E,9.81,277.85,180415,,,D*69

$GPRMC,093233.000,A,5907.7875,N,01016.6132,E,10.31,281.54,180415,,,D*55
$GPRMC,093234.000,A,5907.7883,N,01016.6075,E,10.83,284.90,180415,,,D*5D
$GPRMC,093235.000,A,5907.7892,N,01016.6017,E,11.30,287.52,180415,,,D*5C
$GPRMC,093236.000,A,5907.7902,N,01016.5959,E,10.98,289.19,180415,,,D*55
$GPRMC,093237.000,A,5907.7912,N,01016.5904,E,10.23,290.21,180415,,,D*5E
$GPRMC,093238.000,A,5907.7923,N,01016.5849,E,10.20,291.22,180415,,,D*5A
$GPRMC,093239.000,A,5907.7934,N,01016.5795,E,10.86,292.44,180415,,,D*5C
$GPRMC,093240.000,A,5907.7946,N,01016.5741,E,10.44,293.28,180415,,,D*5B
$GPRMC,093241.000,A,5907.7958,N,01016.5692,E,9.77,294.73,180415,,,D*6B

$GPRMC,093242.000,A,5907.7970,N,01016.5646,E,9.16,301.35,180415,,,D*63

$GPRMC,093243.000,A,5907.7986,N,01016.5608,E,8.50,316.34,180415,,,D*65

$GPRMC,093244.000,A,5907.8005,N,01016.5584,E,7.84,337.41,180415,,,D*6F

$GPRMC,093245.000,A,5907.8026,N,01016.5577,E,7.49,358.92,180415,,,D*65

$GPRMC,093246.000,A,5907.8046,N,01016.5582,E,7.03,12.08,180415,,,D*5A

$GPRMC,093247.000,A,5907.8064,N,01016.5593,E,6.62,16.59,180415,,,D*5D

$GPRMC,093248.000,A,5907.8082,N,01016.5604,E,6.61,15.16,180415,,,D*5C

$GPRMC,093249.000,A,5907.8101,N,01016.5611,E,7.00,7.10,180415,,,D*60

$GPRMC,093250.000,A,5907.8121,N,01016.5613,E,6.69,355.93,180415,,,D*69
$GPRMC,093251.000,A,5907.8139,N,01016.5607,E,6.66,343.85,180415,,,D*6B
$GPRMC,093252.000,A,5907.8156,N,01016.5593,E,6.98,330.92,180415,,,D*6C
$GPRMC,093253.000,A,5907.8173,N,01016.5574,E,7.20,323.89,180415,,,D*69
$GPRMC,093254.000,A,5907.8189,N,01016.5550,E,7.55,319.68,180415,,,D*69
$GPRMC,093255.000,A,5907.8205,N,01016.5524,E,7.55,318.26,180415,,,D*67
$GPRMC,093256.000,A,5907.8220,N,01016.5496,E,7.60,317.17,180415,,,D*60
$GPRMC,093257.000,A,5907.8236,N,01016.5469,E,7.64,317.72,180415,,,D*61
$GPRMC,093258.000,A,5907.8251,N,01016.5443,E,7.04,319.58,180415,,,D*67
$GPRMC,093259.000,A,5907.8266,N,01016.5421,E,6.35,321.36,180415,,,D*66
$GPRMC,093300.000,A,5907.8279,N,01016.5401,E,5.37,320.49,180415,,,D*6F
$GPRMC,093301.000,A,5907.8286,N,01016.5389,E,2.19,320.49,180415,,,D*62
$GPRMC,093302.000,A,5907.8288,N,01016.5386,E,0.04,321.14,180415,,,D*67
$GPRMC,093303.000,A,5907.8288,N,01016.5387,E,0.00,320.96,180415,,,D*68
$GPRMC,093304.000,A,5907.8287,N,01016.5388,E,0.00,320.82,180415,,,D*6A
$GPRMC,093305.000,A,5907.8286,N,01016.5389,E,0.00,321.00,180415,,,D*60
$GPRMC,093306.000,A,5907.8286,N,01016.5389,E,0.00,321.06,180415,,,D*65
