day,month,year,hour,minute,second,curLat,curLon,wpLat,wpLon,heading
18,4,2015,9,53,49,59.128147,10.274279,59.128105,10.273855,259.319672
18,4,2015,9,53,53,59.128147,10.274283,59.128105,10.273855,259.423859
18,4,2015,9,53,54,59.128147,10.274283,59.127853,10.273608,229.681839
18,4,2015,9,53,55,59.128147,10.274283,59.127853,10.273608,229.681839
18,4,2015,9,53,56,59.128147,10.274283,59.127853,10.273608,229.681839
18,4,2015,9,53,57,59.128147,10.274283,59.127853,10.273608,229.681839
18,4,2015,9,53,58,59.128147,10.274283,59.127853,10.273608,229.681839
18,4,2015,9,53,59,59.128147,10.274283,59.127853,10.273608,229.681839
18,4,2015,9,54,0,59.128147,10.274283,59.127853,10.273608,229.681839
18,4,2015,9,54,1,59.128147,10.274283,59.127853,10.273608,229.681839
18,4,2015,9,54,2,59.128147,10.274283,59.127853,10.273608,229.681839
18,4,2015,9,54,3,59.128147,10.274283,59.127853,10.273608,229.681839
18,4,2015,9,54,4,59.128147,10.274283,59.127853,10.273608,229.681839
18,4,2015,9,54,5,59.128147,10.274283,59.127853,10.273608,229.681839
18,4,2015,9,54,6,59.128147,10.274283,59.127853,10.273608,229.681839
18,4,2015,9,54,7,59.128147,10.274283,59.127853,10.273608,229.681839
18,4,2015,9,54,8,59.128147,10.274283,59.127853,10.273608,229.681839
18,4,2015,9,54,9,59.128147,10.274283,59.127853,10.273608,229.681839
18,4,2015,9,54,10,59.128147,10.274283,59.127853,10.273608,229.681839
18,4,2015,9,54,11,59.128147,10.274283,59.127853,10.273608,229.681839
18,4,2015,9,54,12,59.128147,10.274283,59.127853,10.273608,229.681839
18,4,2015,9,54,13,59.128147,10.274283,59.127853,10.273608,229.681839
18,4,2015,9,54,14,59.128147,10.274283,59.127853,10.273608,229.681839
18,4,2015,9,54,15,59.128147,10.274283,59.127853,10.273608,229.681839
18,4,2015,9,54,16,59.128147,10.274283,59.127853,10.273608,229.681839
18,4,2015,9,54,17,59.128147,10.274283,59.127853,10.273608,229.681839
18,4,2015,9,54,18,59.128147,10.274283,59.127853,10.273608,229.681839
18,4,2015,9,54,19,59.128147,10.274283,59.127853,10.273608,229.681839
18,4,2015,9,54,20,59.128147,10.274283,59.127853,10.273608,229.681839
18,4,2015,9,54,21,59.128147,10.274283,59.127853,10.273608,229.681839
18,4,2015,9,54,22,59.128147,10.274283,59.127853,10.273608,229.681839
18,4,2015,9,54,23,59.128147,10.274283,59.127853,10.273608,229.681839
18,4,2015,9,54,24,59.128147,10.274283,59.127853,10.273608,229.681839
18,4,2015,9,54,25,59.128147,10.274283,59.127853,10.273608,229.681839
18,4,2015,9,54,26,59.128147,10.274283,59.127853,10.273608,229.681839
18,4,2015,9,54,29,59.128166,10.274270,59.128105,10.273855,253.895660
18,4,2015,9,54,33,59.128147,10.274268,59.128105,10.273855,259.061188
18,4,2015,9,54,34,59.128147,10.274268,59.128105,10.273855,259.061188
18,4,2015,9,54,35,59.128147,10.274270,59.127670,10.273144,230.395737
18,4,2015,9,54,36,59.128147,10.274265,59.127670,10.273144,230.267365
18,4,2015,9,54,37,59.128139,10.274263,59.127670,10.273144,230.629272
18,4,2015,9,54,38,59.128139,10.274263,59.127670,10.273144,230.629272
18,4,2015,9,54,39,59.128139,10.274260,59.127670,10.273144,230.543381
18,4,2015,9,54,40,59.128139,10.274263,59.127670,10.273144,230.629272
18,4,2015,9,54,41,59.128139,10.274263,59.127670,10.273144,230.629272
18,4,2015,9,54,42,59.128139,10.274263,59.127670,10.273144,230.629272
18,4,2015,9,54,43,59.128139,10.274273,59.127670,10.273144,230.863846
18,4,2015,9,54,44,59.128147,10.274282,59.127670,10.273144,230.671478
18,4,2015,9,54,45,59.128147,10.274286,59.127670,10.273144,230.797668
18,4,2015,9,54,46,59.128147,10.274292,59.127670,10.273144,230.923187
18,4,2015,9,54,47,59.128147,10.274292,59.127670,10.273144,230.923187
18,4,2015,9,54,48,59.128147,10.274295,59.127670,10.273144,231.006485
18,4,2015,9,54,49,59.128147,10.274297,59.127670,10.273144,231.048004
18,4,2015,9,54,50,59.128147,10.274297,59.127670,10.273144,231.048004
18,4,2015,9,54,51,59.128147,10.274297,59.127670,10.273144,231.048004
18,4,2015,9,54,52,59.128159,10.274297,59.127670,10.273144,230.650101
18,4,2015,9,54,53,59.128159,10.274297,59.127670,10.273144,230.650101
18,4,2015,9,54,54,59.128159,10.274297,59.127670,10.273144,230.650101
18,4,2015,9,54,55,59.128159,10.274297,59.127670,10.273144,230.650101
18,4,2015,9,54,56,59.128159,10.274297,59.127670,10.273144,230.650101
18,4,2015,9,54,57,59.128159,10.274297,59.127670,10.273144,230.650101
18,4,2015,9,54,58,59.128159,10.274297,59.127670,10.273144,230.650101
18,4,2015,9,54,59,59.128159,10.274295,59.127670,10.273144,230.608429
18,4,2015,9,55,0,59.128159,10.274295,59.127670,10.273144,230.608429
18,4,2015,9,55,1,59.128159,10.274295,59.127670,10.273144,230.608429
18,4,2015,9,55,2,59.128159,10.274295,59.127670,10.273144,230.608429
18,4,2015,9,55,3,59.128159,10.274295,59.127670,10.273144,230.608429
18,4,2015,9,55,4,59.128159,10.274295,59.127670,10.273144,230.608429
18,4,2015,9,55,5,59.128159,10.274295,59.127670,10.273144,230.608429
18,4,2015,9,55,6,59.128159,10.274295,59.127670,10.273144,230.608429
18,4,2015,9,55,7,59.128159,10.274295,59.127670,10.273144,230.608429
18,4,2015,9,55,8,59.128159,10.274295,59.127670,10.273144,230.608429
18,4,2015,9,55,9,59.128159,10.274295,59.127670,10.273144,230.608429
18,4,2015,9,55,10,59.128159,10.274295,59.127670,10.273144,230.608429
18,4,2015,9,55,11,59.128159,10.274295,59.127670,10.273144,230.608429
18,4,2015,9,55,12,59.128159,10.274295,59.127670,10.273144,230.608429
18,4,2015,9,55,13,59.128159,10.274295,59.127670,10.273144,230.608429
18,4,2015,9,55,14,59.128159,10.274295,59.127670,10.273144,230.608429
18,4,2015,9,55,15,59.128159,10.274286,59.127670,10.273144,230.399048
18,4,2015,9,55,16,59.128147,10.274273,59.127670,10.273144,230.459656
18,4,2015,9,55,17,59.128139,10.274259,59.127670,10.273144,230.500320
18,4,2015,9,55,18,59.128132,10.274237,59.127670,10.273144,230.366837
18,4,2015,9,55,19,59.128132,10.274210,59.127670,10.273144,229.652618
18,4,2015,9,55,20,59.128124,10.274181,59.127670,10.273144,229.738937
18,4,2015,9,55,21,59.128124,10.274148,59.127670,10.273144,228.814713
18,4,2015,9,55,22,59.128124,10.274103,59.127670,10.273144,227.501740
18,4,2015,9,55,23,59.128117,10.274047,59.127670,10.273144,226.206741
18,4,2015,9,55,24,59.128117,10.273992,59.127670,10.273144,224.417801
18,4,2015,9,55,25,59.128101,10.273932,59.127670,10.273144,223.189011
18,4,2015,9,55,26,59.128082,10.273869,59.127670,10.273144,222.226807
18,4,2015,9,55,27,59.128052,10.273817,59.127670,10.273144,222.068069
18,4,2015,9,55,28,59.128017,10.273775,59.127670,10.273144,222.904922
18,4,2015,9,55,29,59.127979,10.273733,59.127670,10.273144,224.523315
18,4,2015,9,55,30,59.127930,10.273688,59.127586,10.272627,237.906952
18,4,2015,9,55,31,59.127888,10.273633,59.127586,10.272627,239.807800
18,4,2015,9,55,32,59.127853,10.273577,59.127586,10.272627,241.352402
18,4,2015,9,55,33,59.127815,10.273514,59.127586,10.272627,243.656631
18,4,2015,9,55,34,59.127781,10.273443,59.127586,10.272627,245.457428
18,4,2015,9,55,35,59.127758,10.273368,59.127586,10.272627,245.818298
18,4,2015,9,55,36,59.127724,10.273292,59.127918,10.272449,293.838287
18,4,2015,9,55,37,59.127701,10.273213,59.127918,10.272449,299.109924
18,4,2015,9,55,38,59.127686,10.273130,59.128174,10.272509,327.035645
18,4,2015,9,55,39,59.127659,10.273044,59.128174,10.272509,332.152100
18,4,2015,9,55,40,59.127636,10.272960,59.128174,10.272509,336.796082
18,4,2015,9,55,41,59.127621,10.272880,59.128174,10.272509,341.034058
18,4,2015,9,55,42,59.127613,10.272803,59.128174,10.272509,344.898071
18,4,2015,9,55,43,59.127613,10.272725,59.128174,10.272509,348.806091
18,4,2015,9,55,44,59.127636,10.272655,59.128174,10.272509,352.050262
18,4,2015,9,55,45,59.127659,10.272603,59.128174,10.272509,354.696198
18,4,2015,9,55,46,59.127693,10.272569,59.128174,10.272509,356.381622
18,4,2015,9,55,47,59.127735,10.272545,59.128174,10.272509,357.626770
18,4,2015,9,55,48,59.127773,10.272522,59.128361,10.272681,7.939606
18,4,2015,9,55,49,59.127808,10.272503,59.128361,10.272681,9.397034
18,4,2015,9,55,50,59.127846,10.272490,59.128361,10.272681,10.891663
18,4,2015,9,55,51,59.127895,10.272482,59.128361,10.272681,12.446503
18,4,2015,9,55,52,59.127937,10.272480,59.128361,10.272681,13.720032
18,4,2015,9,55,53,59.127979,10.272485,59.128635,10.272285,351.114380
18,4,2015,9,55,54,59.128017,10.272493,59.128635,10.272285,350.135590
18,4,2015,9,55,55,59.128059,10.272509,59.128635,10.272285,348.687164
18,4,2015,9,55,56,59.128101,10.272527,59.128635,10.272285,346.899872
18,4,2015,9,55,57,59.128139,10.272549,59.128635,10.272285,344.609741
18,4,2015,9,55,58,59.128174,10.272573,59.128635,10.272285,342.070129
18,4,2015,9,55,59,59.128212,10.272605,59.128635,10.272285,338.796875
18,4,2015,9,56,0,59.128254,10.272636,59.128635,10.272285,334.792023
18,4,2015,9,56,1,59.128288,10.272668,59.128899,10.271863,326.097839
18,4,2015,9,56,2,59.128319,10.272692,59.128899,10.271863,323.770325
18,4,2015,9,56,3,59.128361,10.272694,59.128899,10.271863,321.692841
18,4,2015,9,56,4,59.128403,10.272683,59.128899,10.271863,319.824249
18,4,2015,9,56,5,59.128433,10.272656,59.128899,10.271863,318.743256
18,4,2015,9,56,6,59.128468,10.272623,59.128899,10.271863,317.788910
18,4,2015,9,56,7,59.128490,10.272587,59.128899,10.271863,317.808105
18,4,2015,9,56,8,59.128525,10.272549,59.128899,10.271863,316.845032
18,4,2015,9,56,9,59.128548,10.272509,59.128899,10.271863,316.963562
18,4,2015,9,56,10,59.128578,10.272470,59.128899,10.271863,315.824493
18,4,2015,9,56,11,59.128605,10.272430,59.129120,10.271460,315.803833
18,4,2015,9,56,12,59.128628,10.272388,59.129120,10.271460,315.896332
18,4,2015,9,56,13,59.128662,10.272346,59.129120,10.271460,315.154724
18,4,2015,9,56,14,59.128685,10.272305,59.129120,10.271460,314.775177
18,4,2015,9,56,15,59.128719,10.272260,59.129120,10.271460,313.982697
18,4,2015,9,56,16,59.128742,10.272213,59.129120,10.271460,314.194031
18,4,2015,9,56,17,59.128777,10.272161,59.129120,10.271460,313.482483
18,4,2015,9,56,18,59.128807,10.272107,59.129120,10.271460,313.415985
18,4,2015,9,56,19,59.128841,10.272052,59.129120,10.271460,312.648376
18,4,2015,9,56,20,59.128883,10.271995,59.129395,10.271015,315.143799
18,4,2015,9,56,21,59.128906,10.271936,59.129395,10.271015,315.733917
18,4,2015,9,56,22,59.128937,10.271880,59.129395,10.271015,315.852570
18,4,2015,9,56,23,59.128971,10.271822,59.129395,10.271015,315.649658
18,4,2015,9,56,24,59.129002,10.271762,59.129395,10.271015,315.445648
18,4,2015,9,56,25,59.129036,10.271707,59.129395,10.271015,315.026886
18,4,2015,9,56,26,59.129059,10.271646,59.129395,10.271015,315.913666
18,4,2015,9,56,27,59.129093,10.271586,59.129395,10.271015,315.677185
18,4,2015,9,56,28,59.129124,10.271526,59.129719,10.270597,321.242004
18,4,2015,9,56,29,59.129158,10.271466,59.129719,10.270597,321.444611
18,4,2015,9,56,30,59.129189,10.271410,59.129719,10.270597,321.917084
18,4,2015,9,56,31,59.129223,10.271352,59.129719,10.270597,322.133209
18,4,2015,9,56,32,59.129253,10.271295,59.129719,10.270597,322.348816
18,4,2015,9,56,33,59.129295,10.271236,59.129719,10.270597,322.193970
18,4,2015,9,56,34,59.129330,10.271180,59.129719,10.270597,322.416626
18,4,2015,9,56,35,59.129360,10.271122,59.129719,10.270597,323.297699
18,4,2015,9,56,36,59.129402,10.271067,59.129719,10.270597,322.466797
18,4,2015,9,56,37,59.129436,10.271013,59.130024,10.270383,331.172546
18,4,2015,9,56,38,59.129475,10.270955,59.130024,10.270383,332.053589
18,4,2015,9,56,39,59.129517,10.270900,59.130024,10.270383,332.644470
18,4,2015,9,56,40,59.129559,10.270848,59.130024,10.270383,333.133942
18,4,2015,9,56,41,59.129597,10.270802,59.130024,10.270383,333.488220
18,4,2015,9,56,42,59.129639,10.270757,59.130024,10.270383,333.764221
18,4,2015,9,56,43,59.129669,10.270720,59.130352,10.270185,338.156708
18,4,2015,9,56,44,59.129711,10.270683,59.130352,10.270185,338.308411
18,4,2015,9,56,45,59.129753,10.270650,59.130352,10.270185,338.372894
18,4,2015,9,56,46,59.129791,10.270618,59.130352,10.270185,338.369354
18,4,2015,9,56,47,59.129833,10.270587,59.130352,10.270185,338.365295
18,4,2015,9,56,48,59.129875,10.270558,59.130352,10.270185,338.224579
18,4,2015,9,56,49,59.129925,10.270530,59.130352,10.270185,337.693359
18,4,2015,9,56,50,59.129963,10.270498,59.130352,10.270185,337.617188
18,4,2015,9,56,51,59.130005,10.270470,59.130646,10.269927,336.542267
18,4,2015,9,56,52,59.130047,10.270443,59.130646,10.269927,336.240875
18,4,2015,9,56,53,59.130093,10.270415,59.130646,10.269927,335.633972
18,4,2015,9,56,54,59.130135,10.270389,59.130646,10.269927,335.173401
18,4,2015,9,56,55,59.130165,10.270363,59.130646,10.269927,335.264984
18,4,2015,9,56,56,59.130207,10.270338,59.130646,10.269927,334.610962
18,4,2015,9,56,57,59.130241,10.270315,59.130646,10.269927,334.063629
18,4,2015,9,56,58,59.130280,10.270295,59.130646,10.269927,332.892365
18,4,2015,9,56,59,59.130314,10.270273,59.130932,10.269392,323.970612
18,4,2015,9,57,0,59.130348,10.270268,59.130932,10.269392,322.552063
18,4,2015,9,57,1,59.130386,10.270285,59.130932,10.269392,320.018250
18,4,2015,9,57,2,59.130413,10.270331,59.130932,10.269392,317.104736
18,4,2015,9,57,3,59.130428,10.270402,59.130932,10.269392,314.284821
18,4,2015,9,57,4,59.130436,10.270498,59.130932,10.269392,311.291901
18,4,2015,9,57,5,59.130428,10.270595,59.130932,10.269392,309.314148
18,4,2015,9,57,6,59.130417,10.270687,59.130932,10.269392,307.995544
18,4,2015,9,57,7,59.130417,10.270780,59.130932,10.269392,306.084412
18,4,2015,9,57,8,59.130413,10.270872,59.130932,10.269392,304.348907
18,4,2015,9,57,11,59.130394,10.271135,59.130352,10.270185,265.191467
18,4,2015,9,57,12,59.130386,10.271227,59.130352,10.270185,266.341156
18,4,2015,9,57,13,59.130386,10.271318,59.130352,10.270185,266.638306
18,4,2015,9,57,14,59.130379,10.271407,59.130352,10.270185,267.504974
18,4,2015,9,57,15,59.130371,10.271490,59.130352,10.270185,268.831421
18,4,2015,9,57,16,59.130363,10.271568,59.130352,10.270185,269.448822
18,4,2015,9,57,17,59.130352,10.271650,59.130352,10.270185,270.000610
18,4,2015,9,57,18,59.130352,10.271729,59.130352,10.270185,270.000671
18,4,2015,9,57,19,59.130348,10.271809,59.130352,10.270185,270.470642
18,4,2015,9,57,20,59.130337,10.271892,59.130352,10.270185,271.341858
18,4,2015,9,57,21,59.130337,10.271974,59.130352,10.270185,271.280426
18,4,2015,9,57,24,59.130314,10.272222,59.130024,10.270383,253.083130
18,4,2015,9,57,28,59.130280,10.272545,59.130276,10.272655,96.839203
18,4,2015,9,57,32,59.130241,10.272863,59.130276,10.272655,287.787384
18,4,2015,9,57,33,59.130230,10.272940,59.131020,10.272667,349.881439
18,4,2015,9,57,34,59.130222,10.273015,59.131020,10.272667,347.288177
18,4,2015,9,57,35,59.130215,10.273088,59.131020,10.272667,344.848236
18,4,2015,9,57,36,59.130207,10.273167,59.131020,10.272667,342.500824
18,4,2015,9,57,37,59.130199,10.273240,59.131020,10.272667,340.271210
18,4,2015,9,57,38,59.130199,10.273315,59.131020,10.272667,337.893768
18,4,2015,9,57,39,59.130207,10.273392,59.131020,10.272667,335.412872
18,4,2015,9,57,40,59.130215,10.273458,59.131020,10.272667,333.062988
18,4,2015,9,57,41,59.130241,10.273519,59.131020,10.272667,330.687683
18,4,2015,9,57,42,59.130264,10.273568,59.131020,10.272667,328.379822
18,4,2015,9,57,43,59.130295,10.273600,59.131020,10.272667,326.522980
18,4,2015,9,57,44,59.130337,10.273615,59.131020,10.272667,324.553314
18,4,2015,9,57,45,59.130371,10.273613,59.131020,10.272667,323.203217
18,4,2015,9,57,46,59.130413,10.273597,59.131020,10.272667,321.562347
18,4,2015,9,57,47,59.130436,10.273563,59.131020,10.272667,321.612091
18,4,2015,9,57,48,59.130466,10.273521,59.131020,10.272667,321.600616
18,4,2015,9,57,49,59.130493,10.273472,59.131020,10.272667,321.852600
18,4,2015,9,57,50,59.130516,10.273420,59.131165,10.272240,316.965149
18,4,2015,9,57,51,59.130550,10.273365,59.131165,10.272240,316.795715
18,4,2015,9,57,52,59.130573,10.273310,59.131165,10.272240,317.272125
18,4,2015,9,57,53,59.130608,10.273255,59.131165,10.272240,317.078979
18,4,2015,9,57,54,59.130638,10.273200,59.131165,10.272240,316.862213
18,4,2015,9,57,55,59.130672,10.273149,59.131165,10.272240,316.536438
18,4,2015,9,57,56,59.130703,10.273102,59.131165,10.272240,316.419617
18,4,2015,9,57,57,59.130737,10.273057,59.131313,10.271775,311.107910
18,4,2015,9,57,58,59.130768,10.273011,59.131313,10.271775,310.763306
18,4,2015,9,57,59,59.130802,10.272968,59.131313,10.271775,309.554871
18,4,2015,9,58,0,59.130833,10.272926,59.131313,10.271775,308.997101
18,4,2015,9,58,1,59.130875,10.272886,59.131313,10.271775,307.489716
18,4,2015,9,58,2,59.130905,10.272845,59.131313,10.271775,306.286285
18,4,2015,9,58,3,59.130939,10.272807,59.131313,10.271775,304.877136
18,4,2015,9,58,4,59.130970,10.272767,59.131458,10.271390,304.838440
18,4,2015,9,58,5,59.131012,10.272725,59.131458,10.271390,303.345001
18,4,2015,9,58,6,59.131039,10.272678,59.131458,10.271390,302.628510
18,4,2015,9,58,7,59.131069,10.272629,59.131458,10.271390,301.488708
18,4,2015,9,58,8,59.131104,10.272576,59.131458,10.271390,300.255981
18,4,2015,9,58,9,59.131126,10.272522,59.131458,10.271390,299.950500
18,4,2015,9,58,10,59.131142,10.272458,59.131634,10.271057,304.393951
18,4,2015,9,58,11,59.131161,10.272388,59.131634,10.271057,304.610352
18,4,2015,9,58,12,59.131176,10.272310,59.131634,10.271057,305.456238
18,4,2015,9,58,13,59.131184,10.272223,59.131634,10.271057,306.993622
18,4,2015,9,58,14,59.131191,10.272140,59.131634,10.271057,308.657654
18,4,2015,9,58,15,59.131207,10.272057,59.131634,10.271057,309.566101
18,4,2015,9,58,16,59.131226,10.271981,59.131779,10.270752,310.901154
18,4,2015,9,58,17,59.131248,10.271914,59.131779,10.270752,311.417908
18,4,2015,9,58,18,59.131264,10.271849,59.131779,10.270752,312.304688
18,4,2015,9,58,19,59.131290,10.271789,59.131779,10.270752,312.362579
18,4,2015,9,58,20,59.131321,10.271729,59.131779,10.270752,312.402557
18,4,2015,9,58,21,59.131348,10.271670,59.131779,10.270752,312.394653
18,4,2015,9,58,22,59.131378,10.271613,59.131931,10.270416,312.014648
18,4,2015,9,58,23,59.131405,10.271555,59.131931,10.270416,311.988251
18,4,2015,9,58,24,59.131435,10.271499,59.131931,10.270416,311.914032
18,4,2015,9,58,25,59.131458,10.271440,59.131931,10.270416,311.902618
18,4,2015,9,58,26,59.131493,10.271383,59.131931,10.270416,311.373322
18,4,2015,9,58,27,59.131519,10.271323,59.131962,10.270050,303.794861
18,4,2015,9,58,28,59.131550,10.271263,59.131962,10.270050,303.360474
18,4,2015,9,58,29,59.131584,10.271203,59.131962,10.270050,302.426331
18,4,2015,9,58,30,59.131607,10.271143,59.131962,10.270050,302.352600
18,4,2015,9,58,31,59.131641,10.271078,59.131756,10.269647,278.987976
18,4,2015,9,58,32,59.131664,10.271013,59.131756,10.269647,277.220886
18,4,2015,9,58,33,59.131695,10.270947,59.131756,10.269647,275.268494
18,4,2015,9,58,34,59.131729,10.270885,59.131557,10.269397,257.401184
18,4,2015,9,58,35,59.131752,10.270825,59.131557,10.269397,254.875946
18,4,2015,9,58,36,59.131786,10.270770,59.131557,10.269397,251.753601
18,4,2015,9,58,37,59.131809,10.270715,59.131557,10.269397,249.512115
18,4,2015,9,58,38,59.131844,10.270660,59.131557,10.269397,246.131592
18,4,2015,9,58,39,59.131866,10.270605,59.131557,10.269397,243.624832
18,4,2015,9,58,40,59.131893,10.270558,59.131557,10.269397,240.673676
18,4,2015,9,58,41,59.131916,10.270509,59.131557,10.269397,237.596405
18,4,2015,9,58,42,59.131943,10.270452,59.131557,10.269397,234.259552
18,4,2015,9,58,43,59.131958,10.270387,59.131340,10.269129,226.071915
18,4,2015,9,58,44,59.131966,10.270313,59.131340,10.269129,224.035812
18,4,2015,9,58,45,59.131966,10.270244,59.131340,10.269129,222.315689
18,4,2015,9,58,46,59.131958,10.270172,59.131340,10.269129,220.736130
18,4,2015,9,58,47,59.131943,10.270106,59.131340,10.269129,219.526016
18,4,2015,9,58,48,59.131916,10.270041,59.131340,10.269129,218.889084
18,4,2015,9,58,49,59.131893,10.269981,59.131340,10.269129,218.343643
18,4,2015,9,58,50,59.131866,10.269918,59.131340,10.269129,217.612244
18,4,2015,9,58,53,59.131794,10.269730,59.131756,10.269647,226.035645
18,4,2015,9,58,57,59.131680,10.269522,59.131756,10.269647,40.598297
18,4,2015,9,59,1,59.131535,10.269363,59.131104,10.268907,208.574249
18,4,2015,9,59,2,59.131500,10.269328,59.131104,10.268907,208.596725
18,4,2015,9,59,3,59.131458,10.269295,59.131104,10.268907,209.246384
18,4,2015,9,59,4,59.131428,10.269261,59.131283,10.268395,252.104126
18,4,2015,9,59,5,59.131393,10.269225,59.131283,10.268395,255.605316
18,4,2015,9,59,6,59.131363,10.269185,59.131485,10.267821,279.424652
18,4,2015,9,59,7,59.131329,10.269147,59.131485,10.267821,282.464050
18,4,2015,9,59,8,59.131298,10.269110,59.131485,10.267821,285.589050
18,4,2015,9,59,9,59.131264,10.269075,59.131485,10.267821,288.772827
18,4,2015,9,59,10,59.131233,10.269042,59.131485,10.267821,291.445923
18,4,2015,9,59,11,59.131207,10.269010,59.131485,10.267821,294.150940
18,4,2015,9,59,12,59.131191,10.268982,59.131485,10.267821,296.260223
18,4,2015,9,59,13,59.131176,10.268950,59.131485,10.267821,297.975708
18,4,2015,9,59,14,59.131161,10.268918,59.131485,10.267821,299.715942
18,4,2015,9,59,15,59.131161,10.268880,59.131485,10.267821,300.603821
18,4,2015,9,59,16,59.131168,10.268835,59.131485,10.267821,301.143036
18,4,2015,9,59,17,59.131176,10.268785,59.131485,10.267821,301.860718
18,4,2015,9,59,18,59.131191,10.268733,59.131485,10.267821,302.144440
18,4,2015,9,59,19,59.131218,10.268677,59.131485,10.267821,301.253448
18,4,2015,9,59,20,59.131233,10.268619,59.131485,10.267821,301.032928
18,4,2015,9,59,21,59.131256,10.268561,59.131485,10.267821,300.717682
18,4,2015,9,59,22,59.131283,10.268497,59.131660,10.267397,303.677673
18,4,2015,9,59,23,59.131306,10.268429,59.131660,10.267397,303.869843
18,4,2015,9,59,24,59.131329,10.268363,59.131660,10.267397,303.494934
18,4,2015,9,59,25,59.131355,10.268291,59.131660,10.267397,303.828857
18,4,2015,9,59,26,59.131390,10.268222,59.131660,10.267397,302.191132
18,4,2015,9,59,27,59.131413,10.268151,59.131660,10.267397,302.444672
18,4,2015,9,59,28,59.131435,10.268084,59.131660,10.267397,302.619080
18,4,2015,9,59,29,59.131458,10.268013,59.131870,10.266929,306.377838
18,4,2015,9,59,30,59.131493,10.267945,59.131870,10.266929,305.756500
18,4,2015,9,59,31,59.131519,10.267880,59.131870,10.266929,305.496887
18,4,2015,9,59,32,59.131535,10.267817,59.131870,10.266929,306.303162
18,4,2015,9,59,33,59.131550,10.267756,59.131870,10.266929,307.071930
18,4,2015,9,59,34,59.131557,10.267700,59.131870,10.266929,308.429688
18,4,2015,9,59,35,59.131550,10.267645,59.131870,10.266929,311.136841
18,4,2015,9,59,36,59.131535,10.267598,59.131870,10.266929,314.261353
18,4,2015,9,59,37,59.131500,10.267557,59.131870,10.266929,318.843109
18,4,2015,9,59,38,59.131477,10.267511,59.131870,10.266929,322.939209
18,4,2015,9,59,39,59.131447,10.267475,59.131870,10.266929,326.494812
18,4,2015,9,59,40,59.131413,10.267437,59.131870,10.266929,330.336853
18,4,2015,9,59,41,59.131378,10.267397,59.131870,10.266929,333.940765
18,4,2015,9,59,42,59.131355,10.267355,59.131870,10.266929,337.164856
18,4,2015,9,59,43,59.131321,10.267305,59.131870,10.266929,340.752411
18,4,2015,9,59,44,59.131298,10.267253,59.131870,10.266929,343.821228
18,4,2015,9,59,45,59.131283,10.267197,59.131870,10.266929,346.821075
18,4,2015,9,59,46,59.131264,10.267134,59.131870,10.266929,350.188171
18,4,2015,9,59,47,59.131248,10.267065,59.131870,10.266929,353.566437
18,4,2015,9,59,48,59.131241,10.266995,59.131870,10.266929,356.887695
18,4,2015,9,59,49,59.131233,10.266932,59.131870,10.266929,359.881470
18,4,2015,9,59,50,59.131226,10.266871,59.131870,10.266929,2.617279
18,4,2015,9,59,51,59.131218,10.266815,59.131870,10.266929,5.077454
18,4,2015,9,59,52,59.131207,10.266760,59.131870,10.266929,7.458221
18,4,2015,9,59,53,59.131199,10.266705,59.131870,10.266929,9.729187
18,4,2015,9,59,54,59.131191,10.266648,59.131870,10.266929,11.879333
18,4,2015,9,59,55,59.131184,10.266590,59.131870,10.266929,14.114502
18,4,2015,9,59,56,59.131168,10.266530,59.131870,10.266929,16.213226
18,4,2015,9,59,57,59.131161,10.266467,59.131870,10.266929,18.449432
18,4,2015,9,59,58,59.131142,10.266401,59.131870,10.266929,20.325256
18,4,2015,9,59,59,59.131126,10.266341,59.131870,10.266929,22.038208
18,4,2015,10,0,0,59.131119,10.266285,59.131870,10.266929,23.730347
18,4,2015,10,0,1,59.131104,10.266230,59.131870,10.266929,25.125244
18,4,2015,10,0,2,59.131077,10.266175,59.131870,10.266929,25.995270
18,4,2015,10,0,3,59.131054,10.266125,59.131870,10.266929,26.722626
18,4,2015,10,0,7,59.130947,10.265980,59.131660,10.267397,45.669739
18,4,2015,10,0,14,59.130703,10.265779,59.130970,10.265990,22.187134
18,4,2015,10,0,15,59.130672,10.265747,59.130215,10.264552,233.270721
18,4,2015,10,0,16,59.130630,10.265710,59.130215,10.264552,235.418091
18,4,2015,10,0,17,59.130600,10.265674,59.130215,10.264552,236.396576
18,4,2015,10,0,18,59.130558,10.265640,59.130215,10.264552,238.556839
18,4,2015,10,0,19,59.130524,10.265609,59.130798,10.264387,293.549866
18,4,2015,10,0,20,59.130501,10.265575,59.130798,10.264387,296.236969
18,4,2015,10,0,21,59.130466,10.265540,59.130798,10.264387,299.489258
18,4,2015,10,0,22,59.130444,10.265507,59.130798,10.264387,301.715576
18,4,2015,10,0,23,59.130413,10.265470,59.130798,10.264387,304.552032
18,4,2015,10,0,24,59.130386,10.265433,59.131065,10.264387,321.542480
18,4,2015,10,0,25,59.130352,10.265391,59.131065,10.264387,324.050049
18,4,2015,10,0,26,59.130322,10.265342,59.131065,10.264387,326.662415
18,4,2015,10,0,27,59.130295,10.265290,59.131065,10.264387,329.016113
18,4,2015,10,0,28,59.130272,10.265230,59.131065,10.264387,331.354553
18,4,2015,10,0,29,59.130249,10.265162,59.131065,10.264387,333.949585
18,4,2015,10,0,30,59.130230,10.265092,59.131065,10.264387,336.528503
18,4,2015,10,0,31,59.130222,10.265018,59.131065,10.264387,338.900940
18,4,2015,10,0,32,59.130215,10.264943,59.131065,10.264387,341.391327
18,4,2015,10,0,33,59.130207,10.264870,59.131065,10.264387,343.955444
18,4,2015,10,0,34,59.130207,10.264796,59.131065,10.264387,346.297882
18,4,2015,10,0,35,59.130207,10.264729,59.131065,10.264387,348.491791
18,4,2015,10,0,36,59.130207,10.264671,59.131065,10.264387,350.379883
18,4,2015,10,0,37,59.130207,10.264625,59.131065,10.264387,351.945953
18,4,2015,10,0,38,59.130215,10.264585,59.131065,10.264387,353.186798
18,4,2015,10,0,39,59.130230,10.264553,59.131065,10.264387,354.147064
18,4,2015,10,0,40,59.130249,10.264530,59.131065,10.264387,354.826385
18,4,2015,10,0,41,59.130272,10.264520,59.131065,10.264387,355.101898
18,4,2015,10,0,42,59.130295,10.264515,59.131065,10.264387,355.133911
18,4,2015,10,0,43,59.130329,10.264506,59.131065,10.264387,355.247498
18,4,2015,10,0,44,59.130363,10.264499,59.131065,10.264387,355.336761
18,4,2015,10,0,45,59.130394,10.264492,59.131065,10.264387,355.397888
18,4,2015,10,0,52,59.130638,10.264433,59.130497,10.264441,178.250671
18,4,2015,10,0,53,59.130672,10.264432,59.131374,10.264408,358.991394
18,4,2015,10,0,54,59.130711,10.264428,59.131374,10.264408,359.128784
18,4,2015,10,0,55,59.130753,10.264428,59.131630,10.264485,1.907806
18,4,2015,10,0,56,59.130787,10.264423,59.131630,10.264485,2.132629
18,4,2015,10,0,57,59.130825,10.264423,59.131630,10.264485,2.240967
18,4,2015,10,0,58,59.130859,10.264420,59.131630,10.264485,2.502319
18,4,2015,10,0,59,59.130890,10.264419,59.131630,10.264485,2.627655
18,4,2015,10,1,0,59.130924,10.264419,59.131630,10.264485,2.753815
18,4,2015,10,1,1,59.130966,10.264419,59.131630,10.264485,2.952209
18,4,2015,10,1,2,59.131004,10.264415,59.131866,10.264564,5.061157
18,4,2015,10,1,3,59.131046,10.264415,59.131866,10.264564,5.312805
18,4,2015,10,1,4,59.131088,10.264415,59.131866,10.264564,5.590698
18,4,2015,10,1,5,59.131126,10.264419,59.131866,10.264564,5.764496
18,4,2015,10,1,6,59.131168,10.264420,59.131866,10.264564,6.065460
18,4,2015,10,1,7,59.131207,10.264423,59.131866,10.264564,6.252411
18,4,2015,10,1,8,59.131248,10.264428,59.132061,10.264724,10.592438
18,4,2015,10,1,9,59.131298,10.264437,59.132061,10.264724,10.922150
18,4,2015,10,1,10,59.131340,10.264441,59.132061,10.264724,11.324432
18,4,2015,10,1,11,59.131378,10.264452,59.132061,10.264724,11.562195
18,4,2015,10,1,12,59.131428,10.264460,59.132061,10.264724,12.066803
18,4,2015,10,1,13,59.131470,10.264470,59.132313,10.264890,14.276489
18,4,2015,10,1,14,59.131519,10.264479,59.132313,10.264890,14.921417
18,4,2015,10,1,15,59.131557,10.264493,59.132313,10.264890,15.038086
18,4,2015,10,1,16,59.131607,10.264506,59.132313,10.264890,15.476227
18,4,2015,10,1,17,59.131649,10.264525,59.132313,10.264890,15.765076
18,4,2015,10,1,18,59.131695,10.264546,59.132313,10.264890,15.817902
18,4,2015,10,1,21,59.131828,10.264618,59.132374,10.265500,39.628174
18,4,2015,10,1,22,59.131866,10.264645,59.132374,10.265500,40.589935
18,4,2015,10,1,23,59.131908,10.264671,59.132374,10.265500,42.065948
18,4,2015,10,1,24,59.131947,10.264695,59.132374,10.265500,43.829041
18,4,2015,10,1,25,59.131989,10.264718,59.132374,10.265500,45.863525
18,4,2015,10,1,26,59.132030,10.264747,59.132374,10.265500,47.993469
18,4,2015,10,1,27,59.132072,10.264773,59.132374,10.265500,50.493103
18,4,2015,10,1,28,59.132111,10.264800,59.132374,10.265500,53.438782
18,4,2015,10,1,29,59.132160,10.264829,59.132565,10.265028,14.042358
18,4,2015,10,1,30,59.132202,10.264856,59.132767,10.264420,338.416016
18,4,2015,10,1,31,59.132240,10.264889,59.132767,10.264420,335.388428
18,4,2015,10,1,32,59.132282,10.264920,59.132767,10.264420,332.066956
18,4,2015,10,1,33,59.132324,10.264948,59.132767,10.264420,328.586517
18,4,2015,10,1,34,59.132359,10.264981,59.132767,10.264420,324.881104
18,4,2015,10,1,35,59.132389,10.265014,59.132767,10.264420,320.938965
18,4,2015,10,1,36,59.132423,10.265045,59.132767,10.264420,316.766571
18,4,2015,10,1,37,59.132446,10.265077,59.132767,10.264420,313.584930
18,4,2015,10,1,38,59.132469,10.265110,59.132767,10.264420,309.652130
18,4,2015,10,1,39,59.132488,10.265152,59.132767,10.264420,306.690735
18,4,2015,10,1,40,59.132496,10.265202,59.132767,10.264420,304.251862
18,4,2015,10,1,41,59.132488,10.265262,59.132767,10.264420,302.932739
18,4,2015,10,1,42,59.132469,10.265330,59.132767,10.264420,302.145386
18,4,2015,10,1,43,59.132446,10.265402,59.132767,10.264420,302.486267
18,4,2015,10,1,44,59.132412,10.265478,59.132767,10.264420,303.181000
18,4,2015,10,1,45,59.132389,10.265549,59.132767,10.264420,302.953064
18,4,2015,10,1,46,59.132362,10.265614,59.132767,10.264420,303.329407
18,4,2015,10,1,47,59.132339,10.265676,59.132767,10.264420,303.296112
18,4,2015,10,1,48,59.132317,10.265732,59.132767,10.264420,303.805695
18,4,2015,10,1,49,59.132290,10.265788,59.132767,10.264420,304.252045
18,4,2015,10,1,50,59.132275,10.265846,59.132767,10.264420,303.896423
18,4,2015,10,1,51,59.132259,10.265899,59.132767,10.264420,303.657288
18,4,2015,10,1,54,59.132225,10.266064,59.132374,10.265500,297.463837
18,4,2015,10,1,55,59.132225,10.266120,59.132565,10.265028,301.365784
18,4,2015,10,1,56,59.132240,10.266175,59.132565,10.265028,299.113373
18,4,2015,10,1,57,59.132259,10.266235,59.132565,10.265028,296.392792
18,4,2015,10,1,58,59.132282,10.266298,59.132565,10.265028,293.755829
18,4,2015,10,1,59,59.132298,10.266360,59.132565,10.265028,291.792938
18,4,2015,10,2,0,59.132317,10.266423,59.132565,10.265028,289.447815
18,4,2015,10,2,1,59.132339,10.266488,59.132565,10.265028,286.747955
18,4,2015,10,2,2,59.132359,10.266553,59.132565,10.265028,285.144867
18,4,2015,10,2,3,59.132370,10.266626,59.132565,10.265028,283.580688
18,4,2015,10,2,4,59.132389,10.266700,59.132565,10.265028,281.698822
18,4,2015,10,2,5,59.132404,10.266770,59.132565,10.265028,280.390839
18,4,2015,10,2,9,59.132446,10.267056,59.132374,10.265500,265.111847
18,4,2015,10,2,10,59.132446,10.267135,59.132374,10.265500,265.343262
18,4,2015,10,2,11,59.132454,10.267217,59.132374,10.265500,265.123291
18,4,2015,10,2,12,59.132454,10.267299,59.132374,10.265500,265.344666
18,4,2015,10,2,15,59.132469,10.267545,59.132114,10.266358,239.744324
18,4,2015,10,2,16,59.132488,10.267627,59.132114,10.266358,240.463379
18,4,2015,10,2,17,59.132496,10.267710,59.132114,10.266358,241.553574
18,4,2015,10,2,18,59.132504,10.267794,59.132114,10.266358,242.134018
18,4,2015,10,2,19,59.132526,10.267872,59.132114,10.266358,242.181152
18,4,2015,10,2,20,59.132542,10.267950,59.132114,10.266358,242.587402
18,4,2015,10,2,23,59.132607,10.268167,59.131870,10.266929,220.730148
18,4,2015,10,2,24,59.132633,10.268230,59.131870,10.266929,221.128983
18,4,2015,10,2,27,59.132706,10.268430,59.132652,10.268227,242.339569
18,4,2015,10,2,31,59.132835,10.268686,59.132652,10.268227,232.006927
18,4,2015,10,2,35,59.133007,10.268784,59.132862,10.268652,205.330490
18,4,2015,10,2,39,59.133171,10.268663,59.132862,10.268652,181.143005
18,4,2015,10,2,40,59.133209,10.268626,59.133873,10.268603,359.015228
18,4,2015,10,2,43,59.133335,10.268540,59.133480,10.268465,345.612701
18,4,2015,10,2,47,59.133503,10.268525,59.133480,10.268465,236.245773
18,4,2015,10,2,48,59.133537,10.268527,59.134296,10.268705,6.884918
18,4,2015,10,2,49,59.133575,10.268534,59.134296,10.268705,6.998627
18,4,2015,10,2,50,59.133610,10.268540,59.134296,10.268705,7.055481
18,4,2015,10,2,51,59.133652,10.268554,59.134296,10.268705,6.923798
18,4,2015,10,2,58,59.133984,10.268692,59.133480,10.268465,193.105072
18,4,2015,10,2,59,59.134033,10.268705,59.134716,10.268855,6.403137
18,4,2015,10,3,0,59.134090,10.268719,59.134716,10.268855,6.324249
18,4,2015,10,3,1,59.134140,10.268728,59.135036,10.269110,12.342651
18,4,2015,10,3,2,59.134186,10.268742,59.135036,10.269110,12.593658
18,4,2015,10,3,3,59.134235,10.268752,59.135036,10.269110,12.933807
18,4,2015,10,3,4,59.134285,10.268762,59.135036,10.269110,13.379364
18,4,2015,10,3,5,59.134342,10.268775,59.135036,10.269110,13.976318
18,4,2015,10,3,6,59.134392,10.268785,59.135036,10.269110,14.533264
18,4,2015,10,3,9,59.134552,10.268838,59.134716,10.268855,3.058960
18,4,2015,10,3,13,59.134758,10.268953,59.134716,10.268855,230.868408
18,4,2015,10,3,14,59.134804,10.268987,59.135468,10.269531,22.627350
18,4,2015,10,3,15,59.134846,10.269023,59.135468,10.269531,22.747650
18,4,2015,10,3,16,59.134888,10.269056,59.135796,10.269888,25.155243
18,4,2015,10,3,17,59.134933,10.269094,59.135796,10.269888,25.153809
18,4,2015,10,3,18,59.134987,10.269130,59.135796,10.269888,25.571869
18,4,2015,10,3,19,59.135025,10.269167,59.135796,10.269888,25.592316
18,4,2015,10,3,20,59.135067,10.269203,59.135796,10.269888,25.670868
18,4,2015,10,3,21,59.135117,10.269243,59.135796,10.269888,25.833832
18,4,2015,10,3,22,59.135155,10.269281,59.135796,10.269888,25.843323
18,4,2015,10,3,23,59.135197,10.269321,59.135796,10.269888,25.786469
18,4,2015,10,3,24,59.135235,10.269360,59.136139,10.270139,23.758881
18,4,2015,10,3,25,59.135277,10.269397,59.136139,10.270139,23.857788
18,4,2015,10,3,26,59.135319,10.269428,59.136139,10.270139,23.969879
18,4,2015,10,3,27,59.135349,10.269465,59.136139,10.270139,23.564880
18,4,2015,10,3,28,59.135391,10.269504,59.136139,10.270139,23.447205
18,4,2015,10,3,29,59.135433,10.269545,59.136139,10.270139,23.427551
18,4,2015,10,3,30,59.135475,10.269587,59.136139,10.270139,23.157349
18,4,2015,10,3,31,59.135506,10.269631,59.136139,10.270139,22.272614
18,4,2015,10,3,32,59.135548,10.269678,59.136139,10.270139,21.703369
18,4,2015,10,3,36,59.135708,10.269867,59.135796,10.269888,6.751587
18,4,2015,10,3,39,59.135830,10.270008,59.135796,10.269888,241.057770
18,4,2015,10,3,40,59.135880,10.270050,59.136139,10.270139,9.954041
18,4,2015,10,3,41,59.135921,10.270086,59.136589,10.270159,3.183380
18,4,2015,10,3,48,59.136238,10.270244,59.135796,10.269888,202.676102
18,4,2015,10,3,49,59.136288,10.270248,59.137070,10.270217,358.839966
18,4,2015,10,3,50,59.136326,10.270245,59.137070,10.270217,358.921539
18,4,2015,10,3,51,59.136375,10.270240,59.137070,10.270217,359.063568
18,4,2015,10,3,52,59.136417,10.270230,59.137070,10.270217,359.419922
18,4,2015,10,3,59,59.136726,10.270190,59.136589,10.270159,186.765366
18,4,2015,10,4,0,59.136768,10.270188,59.137547,10.270237,1.836334
18,4,2015,10,4,1,59.136806,10.270190,59.137547,10.270237,1.870331
18,4,2015,10,4,2,59.136848,10.270193,59.137547,10.270237,1.836334
18,4,2015,10,4,3,59.136898,10.270200,59.137547,10.270237,1.701111
18,4,2015,10,4,4,59.136940,10.270213,59.137966,10.270099,356.721558
18,4,2015,10,4,5,59.136978,10.270230,59.137966,10.270099,356.077118
18,4,2015,10,4,6,59.137020,10.270245,59.137966,10.270099,355.457123
18,4,2015,10,4,7,59.137058,10.270258,59.137966,10.270099,354.848389
18,4,2015,10,4,8,59.137100,10.270273,59.137966,10.270099,354.073029
18,4,2015,10,4,9,59.137142,10.270287,59.137966,10.270099,353.295288
18,4,2015,10,4,10,59.137180,10.270297,59.137966,10.270099,352.629242
18,4,2015,10,4,11,59.137222,10.270305,59.137966,10.270099,351.930756
18,4,2015,10,4,12,59.137264,10.270310,59.137966,10.270099,351.138733
18,4,2015,10,4,13,59.137302,10.270315,59.137966,10.270099,350.468597
18,4,2015,10,4,16,59.137428,10.270315,59.137547,10.270237,340.862457
18,4,2015,10,4,20,59.137596,10.270287,59.137547,10.270237,207.981689
18,4,2015,10,4,21,59.137638,10.270273,59.138363,10.269955,347.285126
18,4,2015,10,4,22,59.137680,10.270260,59.138363,10.269955,346.945465
18,4,2015,10,4,23,59.137726,10.270245,59.138363,10.269955,346.806946
18,4,2015,10,4,24,59.137768,10.270230,59.138634,10.269829,346.650879
18,4,2015,10,4,25,59.137825,10.270213,59.138634,10.269829,346.259308
18,4,2015,10,4,26,59.137875,10.270199,59.138634,10.269829,345.956909
18,4,2015,10,4,27,59.137920,10.270182,59.138634,10.269829,345.714264
18,4,2015,10,4,28,59.137970,10.270166,59.138634,10.269829,345.366333
18,4,2015,10,4,29,59.138020,10.270148,59.138634,10.269829,345.079895
18,4,2015,10,4,30,59.138069,10.270133,59.138901,10.269683,344.518524
18,4,2015,10,4,31,59.138126,10.270115,59.138901,10.269683,343.980164
18,4,2015,10,4,32,59.138176,10.270099,59.138901,10.269683,343.585663
18,4,2015,10,4,33,59.138222,10.270083,59.138901,10.269683,343.103363
18,4,2015,10,4,34,59.138271,10.270065,59.138901,10.269683,342.659790
18,4,2015,10,4,35,59.138329,10.270046,59.139259,10.269642,347.491913
18,4,2015,10,4,36,59.138378,10.270025,59.139259,10.269642,347.419220
18,4,2015,10,4,37,59.138428,10.270001,59.139259,10.269642,347.523560
18,4,2015,10,4,38,59.138474,10.269979,59.139259,10.269642,347.610199
18,4,2015,10,4,39,59.138515,10.269955,59.139259,10.269642,347.849731
18,4,2015,10,4,40,59.138565,10.269932,59.139259,10.269642,347.935669
18,4,2015,10,4,41,59.138615,10.269903,59.139259,10.269642,348.330719
18,4,2015,10,4,42,59.138664,10.269876,59.139576,10.269750,355.891388
18,4,2015,10,4,43,59.138710,10.269848,59.139576,10.269750,356.677124
18,4,2015,10,4,44,59.138760,10.269816,59.139576,10.269750,357.593445
18,4,2015,10,4,45,59.138809,10.269789,59.139576,10.269750,358.491486
18,4,2015,10,4,46,59.138859,10.269762,59.139576,10.269750,359.475189
18,4,2015,10,4,47,59.138897,10.269738,59.139576,10.269750,0.482391
18,4,2015,10,4,48,59.138939,10.269720,59.139576,10.269750,1.342834
18,4,2015,10,4,49,59.138981,10.269702,59.139900,10.269932,7.307495
18,4,2015,10,4,50,59.139027,10.269689,59.139900,10.269932,8.124786
18,4,2015,10,4,51,59.139069,10.269678,59.139900,10.269932,8.901123
18,4,2015,10,4,52,59.139103,10.269673,59.139900,10.269932,9.427887
18,4,2015,10,4,53,59.139153,10.269669,59.139900,10.269932,10.210236
18,4,2015,10,4,54,59.139191,10.269669,59.139900,10.269932,10.785858
18,4,2015,10,4,55,59.139233,10.269670,59.139900,10.269932,11.357269
18,4,2015,10,4,56,59.139282,10.269678,59.139900,10.269932,11.858063
18,4,2015,10,4,57,59.139320,10.269695,59.140205,10.270133,14.277649
18,4,2015,10,4,58,59.139362,10.269710,59.140205,10.270133,14.496613
18,4,2015,10,4,59,59.139404,10.269729,59.140205,10.270133,14.531769
18,4,2015,10,5,0,59.139442,10.269747,59.140205,10.270133,14.632721
18,4,2015,10,5,1,59.139492,10.269765,59.140205,10.270133,14.880615
18,4,2015,10,5,2,59.139534,10.269783,59.140205,10.270133,15.015869
18,4,2015,10,5,3,59.139584,10.269802,59.140205,10.270133,15.252319
18,4,2015,10,5,4,59.139622,10.269820,59.140434,10.270494,23.004700
18,4,2015,10,5,5,59.139664,10.269840,59.140434,10.270494,23.463989
18,4,2015,10,5,6,59.139713,10.269858,59.140434,10.270494,24.200226
18,4,2015,10,5,7,59.139751,10.269876,59.140434,10.270494,24.840515
18,4,2015,10,5,8,59.139793,10.269895,59.140434,10.270494,25.554688
18,4,2015,10,5,9,59.139835,10.269912,59.140434,10.270494,26.389526
18,4,2015,10,5,10,59.139874,10.269930,59.140583,10.271070,39.476471
18,4,2015,10,5,11,59.139915,10.269950,59.140583,10.271070,40.641876
18,4,2015,10,5,12,59.139950,10.269974,59.140583,10.271070,41.515808
18,4,2015,10,5,13,59.139992,10.270000,59.140583,10.271070,42.720032
18,4,2015,10,5,14,59.140030,10.270025,59.140583,10.271070,44.094055
18,4,2015,10,5,15,59.140072,10.270052,59.140583,10.271070,45.563751
18,4,2015,10,5,16,59.140110,10.270083,59.140583,10.271070,46.636810
18,4,2015,10,5,17,59.140144,10.270112,59.140583,10.271070,47.900543
18,4,2015,10,5,20,59.140259,10.270225,59.140457,10.270025,332.744934
18,4,2015,10,5,21,59.140289,10.270268,59.140457,10.270025,322.714813
18,4,2015,10,5,22,59.140324,10.270318,59.140682,10.270723,30.356598
18,4,2015,10,5,23,59.140354,10.270375,59.140854,10.271169,39.212402
18,4,2015,10,5,24,59.140388,10.270435,59.140854,10.271169,39.005188
18,4,2015,10,5,25,59.140415,10.270502,59.140854,10.271169,38.040131
18,4,2015,10,5,26,59.140438,10.270563,59.140854,10.271169,36.694092
18,4,2015,10,5,27,59.140469,10.270632,59.140854,10.271169,35.759918
18,4,2015,10,5,28,59.140491,10.270710,59.140854,10.271169,33.008911
18,4,2015,10,5,29,59.140511,10.270790,59.140663,10.271559,69.130371
18,4,2015,10,5,30,59.140533,10.270872,59.140354,10.272360,103.103516
18,4,2015,10,5,31,59.140553,10.270950,59.140354,10.272360,105.319946
18,4,2015,10,5,32,59.140568,10.271029,59.140354,10.272360,107.229614
18,4,2015,10,5,33,59.140575,10.271102,59.140354,10.272360,108.717102
18,4,2015,10,5,34,59.140591,10.271175,59.140354,10.272360,111.482483
18,4,2015,10,5,35,59.140610,10.271242,59.140354,10.272360,113.789734
18,4,2015,10,5,36,59.140633,10.271310,59.140354,10.272360,117.487823
18,4,2015,10,5,37,59.140648,10.271375,59.140354,10.272360,120.184296
18,4,2015,10,5,38,59.140663,10.271439,59.140354,10.272360,123.041901
18,4,2015,10,5,39,59.140675,10.271499,59.140354,10.272360,126.025024
18,4,2015,10,5,40,59.140675,10.271559,59.140354,10.272360,128.006897
18,4,2015,10,5,41,59.140656,10.271615,59.140354,10.272360,128.201752
18,4,2015,10,5,42,59.140640,10.271673,59.140354,10.272360,129.170929
18,4,2015,10,5,43,59.140610,10.271733,59.140354,10.272360,128.212158
18,4,2015,10,5,44,59.140575,10.271798,59.140320,10.273115,110.517059
18,4,2015,10,5,45,59.140545,10.271867,59.140320,10.273115,109.393646
18,4,2015,10,5,46,59.140511,10.271936,59.140320,10.273115,107.547546
18,4,2015,10,5,47,59.140484,10.272010,59.140320,10.273115,106.121277
18,4,2015,10,5,48,59.140453,10.272083,59.140320,10.273115,104.466736
18,4,2015,10,5,49,59.140427,10.272159,59.140320,10.273115,102.560303
18,4,2015,10,5,50,59.140404,10.272237,59.140320,10.273115,100.308044
18,4,2015,10,5,51,59.140388,10.272318,59.140320,10.273115,99.479767
18,4,2015,10,5,52,59.140373,10.272407,59.140175,10.273838,105.093231
18,4,2015,10,5,53,59.140354,10.272493,59.140175,10.273838,104.437500
18,4,2015,10,5,54,59.140354,10.272578,59.140175,10.273838,105.361511
18,4,2015,10,5,55,59.140347,10.272665,59.140175,10.273838,105.842255
18,4,2015,10,5,56,59.140339,10.272752,59.140175,10.273838,106.397217
18,4,2015,10,5,57,59.140331,10.272835,59.140175,10.273838,106.976562
18,4,2015,10,5,58,59.140324,10.272917,59.140175,10.273838,107.640228
18,4,2015,10,5,59,59.140316,10.272997,59.140175,10.273838,107.571503
18,4,2015,10,6,0,59.140308,10.273075,59.140175,10.273838,108.338348
18,4,2015,10,6,1,59.140297,10.273157,59.140053,10.274613,108.216522
18,4,2015,10,6,2,59.140289,10.273236,59.140053,10.274613,108.696320
18,4,2015,10,6,3,59.140282,10.273315,59.140053,10.274613,108.705811
18,4,2015,10,6,4,59.140274,10.273394,59.140053,10.274613,109.251434
18,4,2015,10,6,5,59.140259,10.273470,59.140053,10.274613,109.260620
18,4,2015,10,6,6,59.140251,10.273545,59.140053,10.274613,109.876831
18,4,2015,10,6,7,59.140232,10.273619,59.140053,10.274613,109.191223
18,4,2015,10,6,8,59.140217,10.273686,59.140053,10.274613,109.017181
18,4,2015,10,6,9,59.140202,10.273753,59.140053,10.274613,108.798035
18,4,2015,10,6,10,59.140194,10.273825,59.140053,10.274613,109.517181
18,4,2015,10,6,11,59.140167,10.273895,59.139915,10.275330,108.956482
18,4,2015,10,6,12,59.140152,10.273969,59.139915,10.275330,108.400116
18,4,2015,10,6,13,59.140137,10.274038,59.139915,10.275330,108.255249
18,4,2015,10,6,14,59.140121,10.274112,59.139915,10.275330,108.152924
18,4,2015,10,6,15,59.140102,10.274181,59.139915,10.275330,107.384094
18,4,2015,10,6,16,59.140087,10.274246,59.139915,10.275330,107.079407
18,4,2015,10,6,17,59.140072,10.274315,59.139915,10.275330,106.787842
18,4,2015,10,6,18,59.140057,10.274388,59.139915,10.275330,105.790375
18,4,2015,10,6,19,59.140038,10.274470,59.139915,10.275330,105.577118
18,4,2015,10,6,20,59.140022,10.274555,59.139915,10.275330,104.462830
18,4,2015,10,6,21,59.140003,10.274642,59.139553,10.275944,124.018127
18,4,2015,10,6,22,59.139999,10.274725,59.139553,10.275944,125.389801
18,4,2015,10,6,23,59.139980,10.274803,59.139553,10.275944,125.895599
18,4,2015,10,6,24,59.139973,10.274887,59.139553,10.275944,127.563171
18,4,2015,10,6,25,59.139957,10.274965,59.139553,10.275944,128.762146
18,4,2015,10,6,26,59.139950,10.275033,59.139553,10.275944,130.290161
18,4,2015,10,6,27,59.139938,10.275106,59.139553,10.275944,131.678375
18,4,2015,10,6,28,59.139923,10.275182,59.139553,10.275944,133.354584
18,4,2015,10,6,29,59.139908,10.275260,59.139553,10.275944,135.355194
18,4,2015,10,6,30,59.139893,10.275336,59.139553,10.275944,137.065552
18,4,2015,10,6,31,59.139874,10.275415,59.139553,10.275944,139.820312
18,4,2015,10,6,32,59.139851,10.275490,59.139259,10.276112,151.474915
18,4,2015,10,6,33,59.139828,10.275563,59.139259,10.276112,153.584961
18,4,2015,10,6,34,59.139793,10.275633,59.139259,10.276112,155.242493
18,4,2015,10,6,35,59.139763,10.275693,59.139259,10.276112,156.671021
18,4,2015,10,6,36,59.139721,10.275748,59.139259,10.276112,157.820068
18,4,2015,10,6,37,59.139687,10.275799,59.139259,10.276112,159.216003
18,4,2015,10,6,38,59.139648,10.275842,59.139259,10.276112,160.431335
18,4,2015,10,6,39,59.139606,10.275887,59.138840,10.276277,165.462463
18,4,2015,10,6,40,59.139568,10.275924,59.138840,10.276277,166.099121
18,4,2015,10,6,41,59.139526,10.275960,59.138840,10.276277,166.746704
18,4,2015,10,6,42,59.139484,10.275989,59.138840,10.276277,167.185669
18,4,2015,10,6,43,59.139442,10.276015,59.138840,10.276277,167.567566
18,4,2015,10,6,44,59.139404,10.276038,59.138840,10.276277,167.836792
18,4,2015,10,6,45,59.139362,10.276058,59.138840,10.276277,167.965942
18,4,2015,10,6,46,59.139320,10.276080,59.138840,10.276277,168.265808
18,4,2015,10,6,47,59.139282,10.276098,59.138840,10.276277,168.350586
18,4,2015,10,6,48,59.139240,10.276112,59.138840,10.276277,168.154053
18,4,2015,10,6,49,59.139198,10.276127,59.138420,10.276345,171.837891
18,4,2015,10,6,50,59.139160,10.276140,59.138420,10.276345,171.890503
18,4,2015,10,6,51,59.139118,10.276154,59.138420,10.276345,171.984619
18,4,2015,10,6,52,59.139069,10.276169,59.138420,10.276345,172.084290
18,4,2015,10,6,53,59.139027,10.276181,59.138420,10.276345,172.124390
18,4,2015,10,6,54,59.138981,10.276198,59.138420,10.276345,172.339844
18,4,2015,10,6,55,59.138939,10.276210,59.138420,10.276345,172.407043
18,4,2015,10,6,56,59.138889,10.276223,59.138420,10.276345,172.430420
18,4,2015,10,6,57,59.138844,10.276237,59.138420,10.276345,172.517395
18,4,2015,10,6,58,59.138802,10.276250,59.137997,10.276479,171.714172
18,4,2015,10,6,59,59.138752,10.276263,59.137997,10.276479,171.610535
18,4,2015,10,7,0,59.138710,10.276274,59.137997,10.276479,171.582886
18,4,2015,10,7,1,59.138664,10.276283,59.137997,10.276479,171.478455
18,4,2015,10,7,2,59.138622,10.276294,59.137997,10.276479,171.306519
18,4,2015,10,7,3,59.138580,10.276305,59.137997,10.276479,171.293518
18,4,2015,10,7,4,59.138542,10.276312,59.137997,10.276479,171.071960
18,4,2015,10,7,5,59.138493,10.276323,59.137997,10.276479,170.793274
18,4,2015,10,7,6,59.138458,10.276328,59.137997,10.276479,170.385620
18,4,2015,10,7,7,59.138420,10.276333,59.137997,10.276479,169.970886
18,4,2015,10,7,11,59.138264,10.276365,59.137554,10.276849,160.762329
18,4,2015,10,7,12,59.138233,10.276379,59.137554,10.276849,160.392334
18,4,2015,10,7,13,59.138191,10.276393,59.137554,10.276849,159.786987
18,4,2015,10,7,14,59.138157,10.276415,59.137554,10.276849,159.687378
18,4,2015,10,7,15,59.138126,10.276432,59.137554,10.276849,159.568604
18,4,2015,10,7,16,59.138084,10.276448,59.137554,10.276849,158.915527
18,4,2015,10,7,17,59.138054,10.276462,59.137554,10.276849,158.301880
18,4,2015,10,7,18,59.138012,10.276475,59.137554,10.276849,157.257141
18,4,2015,10,7,19,59.137981,10.276490,59.137554,10.276849,156.854126
18,4,2015,10,7,20,59.137947,10.276505,59.137554,10.276849,155.985107
18,4,2015,10,7,24,59.137817,10.276602,59.137554,10.276849,154.584656
18,4,2015,10,7,25,59.137783,10.276628,59.137154,10.277384,148.608215
18,4,2015,10,7,26,59.137745,10.276657,59.137154,10.277384,147.902832
18,4,2015,10,7,27,59.137711,10.276685,59.137154,10.277384,147.362427
18,4,2015,10,7,28,59.137680,10.276720,59.137154,10.277384,147.397461
18,4,2015,10,7,29,59.137638,10.276752,59.137154,10.277384,146.208374
18,4,2015,10,7,30,59.137604,10.276782,59.137154,10.277384,145.590698
18,4,2015,10,7,31,59.137573,10.276814,59.137154,10.277384,145.360291
18,4,2015,10,7,32,59.137539,10.276850,59.137154,10.277384,144.845612
18,4,2015,10,7,33,59.137501,10.276881,59.137154,10.277384,143.477783
18,4,2015,10,7,34,59.137466,10.276915,59.137108,10.278180,118.670471
18,4,2015,10,7,35,59.137432,10.276952,59.137108,10.278180,116.991913
18,4,2015,10,7,36,59.137394,10.276988,59.137108,10.278180,115.119324
18,4,2015,10,7,37,59.137360,10.277028,59.137108,10.278180,113.142334
18,4,2015,10,7,38,59.137321,10.277066,59.137108,10.278180,110.326996
18,4,2015,10,7,39,59.137287,10.277106,59.137108,10.278180,107.864380
18,4,2015,10,7,40,59.137264,10.277150,59.137108,10.278180,106.549988
18,4,2015,10,7,41,59.137230,10.277195,59.137108,10.278180,103.671234
18,4,2015,10,7,42,59.137207,10.277242,59.137108,10.278180,101.225861
18,4,2015,10,7,43,59.137180,10.277297,59.137108,10.278180,98.568268
18,4,2015,10,7,44,59.137157,10.277351,59.137108,10.278180,96.414215
18,4,2015,10,7,48,59.137093,10.277592,59.137115,10.279485,88.388184
18,4,2015,10,7,52,59.137085,10.277873,59.137115,10.279485,87.634338
18,4,2015,10,7,53,59.137085,10.277946,59.137115,10.279485,87.521606
18,4,2015,10,7,54,59.137093,10.278025,59.137115,10.279485,87.911377
18,4,2015,10,7,55,59.137093,10.278103,59.137115,10.279485,87.792908
18,4,2015,10,7,56,59.137093,10.278187,59.137115,10.279485,87.650909
18,4,2015,10,7,57,59.137100,10.278270,59.137115,10.279485,88.743835
18,4,2015,10,7,58,59.137108,10.278354,59.137115,10.279485,89.325195
18,4,2015,10,7,59,59.137115,10.278435,59.137115,10.279485,89.999573
18,4,2015,10,8,0,59.137115,10.278513,59.137115,10.279485,89.999573
18,4,2015,10,8,1,59.137123,10.278588,59.137115,10.279485,90.850525
18,4,2015,10,8,2,59.137123,10.278657,59.137115,10.279485,90.920715
18,4,2015,10,8,3,59.137135,10.278722,59.136898,10.280310,106.353821
18,4,2015,10,8,4,59.137135,10.278793,59.136898,10.280310,107.083252
18,4,2015,10,8,5,59.137135,10.278873,59.136898,10.280310,107.978058
18,4,2015,10,8,6,59.137135,10.278952,59.136898,10.280310,108.934937
18,4,2015,10,8,7,59.137135,10.279035,59.136898,10.280310,110.068909
18,4,2015,10,8,8,59.137135,10.279117,59.136898,10.280310,111.326721
18,4,2015,10,8,9,59.137135,10.279197,59.136898,10.280310,112.712524
18,4,2015,10,8,10,59.137135,10.279279,59.136898,10.280310,114.314941
18,4,2015,10,8,11,59.137123,10.279362,59.136898,10.280310,114.873596
18,4,2015,10,8,12,59.137115,10.279440,59.136898,10.280310,116.092163
18,4,2015,10,8,13,59.137115,10.279522,59.136898,10.280310,118.398407
18,4,2015,10,8,14,59.137108,10.279607,59.136898,10.280310,120.430328
18,4,2015,10,8,15,59.137100,10.279694,59.136497,10.280744,138.452026
18,4,2015,10,8,16,59.137093,10.279768,59.136497,10.280744,139.887024
18,4,2015,10,8,17,59.137077,10.279841,59.136497,10.280744,141.430847
18,4,2015,10,8,18,59.137070,10.279910,59.136497,10.280744,143.311401
18,4,2015,10,8,19,59.137051,10.279975,59.136497,10.280744,144.530304
18,4,2015,10,8,20,59.137035,10.280033,59.136497,10.280744,145.967407
18,4,2015,10,8,21,59.137020,10.280087,59.136497,10.280744,147.330170
18,4,2015,10,8,22,59.137005,10.280140,59.136497,10.280744,148.847870
18,4,2015,10,8,23,59.136978,10.280187,59.136497,10.280744,149.507812
18,4,2015,10,8,24,59.136951,10.280233,59.136497,10.280744,150.216003
18,4,2015,10,8,25,59.136929,10.280275,59.136497,10.280744,150.848083
18,4,2015,10,8,26,59.136898,10.280315,59.136497,10.280744,151.431091
18,4,2015,10,8,27,59.136875,10.280352,59.136497,10.280744,152.273987
18,4,2015,10,8,28,59.136841,10.280382,59.136101,10.281110,153.378296
18,4,2015,10,8,29,59.136806,10.280408,59.136101,10.281110,153.122437
18,4,2015,10,8,30,59.136776,10.280432,59.136101,10.281110,152.783386
18,4,2015,10,8,31,59.136749,10.280458,59.136101,10.281110,152.750305
18,4,2015,10,8,32,59.136719,10.280487,59.136101,10.281110,152.810181
18,4,2015,10,8,33,59.136684,10.280519,59.136101,10.281110,152.673218
18,4,2015,10,8,34,59.136662,10.280546,59.136101,10.281110,152.700378
18,4,2015,10,8,35,59.136627,10.280579,59.136101,10.281110,152.615906
18,4,2015,10,8,36,59.136597,10.280610,59.136101,10.281110,152.802246
18,4,2015,10,8,37,59.136562,10.280642,59.136101,10.281110,152.671265
18,4,2015,10,8,38,59.136532,10.280675,59.136101,10.281110,152.611755
18,4,2015,10,8,39,59.136505,10.280708,59.136101,10.281110,152.940796
18,4,2015,10,8,40,59.136475,10.280745,59.136101,10.281110,153.480347
18,4,2015,10,8,41,59.136440,10.280780,59.135826,10.281538,147.678162
18,4,2015,10,8,42,59.136398,10.280815,59.135826,10.281538,147.113220
18,4,2015,10,8,43,59.136368,10.280855,59.135826,10.281538,147.001312
18,4,2015,10,8,44,59.136326,10.280893,59.135826,10.281538,146.411987
18,4,2015,10,8,45,59.136295,10.280933,59.135826,10.281538,146.618469
18,4,2015,10,8,46,59.136253,10.280970,59.135826,10.281538,145.866608
18,4,2015,10,8,47,59.136223,10.281009,59.135826,10.281538,145.570068
18,4,2015,10,8,48,59.136181,10.281045,59.135826,10.281538,144.519409
18,4,2015,10,8,49,59.136147,10.281085,59.135582,10.282100,137.452454
18,4,2015,10,8,50,59.136116,10.281121,59.135582,10.282100,137.069824
18,4,2015,10,8,51,59.136082,10.281160,59.135582,10.282100,135.982208
18,4,2015,10,8,52,59.136051,10.281197,59.135582,10.282100,135.510315
18,4,2015,10,8,53,59.136028,10.281234,59.135582,10.282100,135.426697
18,4,2015,10,8,54,59.135986,10.281273,59.135582,10.282100,134.026459
18,4,2015,10,8,55,59.135963,10.281312,59.135582,10.282100,133.445312
18,4,2015,10,8,56,59.135929,10.281348,59.135582,10.282100,132.105835
18,4,2015,10,8,57,59.135895,10.281390,59.135582,10.282100,130.801300
18,4,2015,10,8,58,59.135872,10.281430,59.135582,10.282100,130.540161
18,4,2015,10,8,59,59.135838,10.281473,59.135582,10.282100,128.953125
18,4,2015,10,9,3,59.135735,10.281707,59.135178,10.282706,137.517517
18,4,2015,10,9,4,59.135700,10.281769,59.135178,10.282706,137.559021
18,4,2015,10,9,5,59.135670,10.281834,59.135178,10.282706,137.690002
18,4,2015,10,9,6,59.135643,10.281900,59.135178,10.282706,138.323364
18,4,2015,10,9,7,59.135612,10.281965,59.135178,10.282706,138.985748
18,4,2015,10,9,8,59.135578,10.282026,59.135178,10.282706,139.098969
18,4,2015,10,9,9,59.135548,10.282090,59.135178,10.282706,139.390137
18,4,2015,10,9,10,59.135513,10.282150,59.135178,10.282706,139.569885
18,4,2015,10,9,11,59.135487,10.282210,59.134815,10.283175,143.543793
18,4,2015,10,9,12,59.135456,10.282265,59.134815,10.283175,143.999573
18,4,2015,10,9,13,59.135422,10.282320,59.134815,10.283175,144.198730
18,4,2015,10,9,14,59.135399,10.282367,59.134815,10.283175,144.800659
18,4,2015,10,9,15,59.135368,10.282412,59.134815,10.283175,144.740112
18,4,2015,10,9,16,59.135342,10.282455,59.134815,10.283175,144.960297
18,4,2015,10,9,17,59.135319,10.282496,59.134815,10.283175,145.469177
18,4,2015,10,9,18,59.135284,10.282538,59.134815,10.283175,145.301544
18,4,2015,10,9,19,59.135254,10.282583,59.134815,10.283175,145.263306
18,4,2015,10,9,20,59.135220,10.282625,59.134815,10.283175,145.050964
18,4,2015,10,9,21,59.135189,10.282670,59.134815,10.283175,145.430023
18,4,2015,10,9,22,59.135155,10.282713,59.134815,10.283175,145.294373
18,4,2015,10,9,23,59.135124,10.282755,59.134468,10.283345,155.222412
18,4,2015,10,9,24,59.135090,10.282797,59.134468,10.283345,155.656982
18,4,2015,10,9,25,59.135059,10.282837,59.134468,10.283345,156.318787
18,4,2015,10,9,26,59.135025,10.282873,59.134468,10.283345,156.612793
18,4,2015,10,9,27,59.134995,10.282910,59.134468,10.283345,157.027283
18,4,2015,10,9,28,59.134968,10.282947,59.134468,10.283345,157.694336
18,4,2015,10,9,29,59.134933,10.282980,59.134468,10.283345,158.019531
18,4,2015,10,9,30,59.134911,10.283011,59.134468,10.283345,158.905579
18,4,2015,10,9,31,59.134880,10.283045,59.134468,10.283345,159.692993
18,4,2015,10,9,32,59.134846,10.283076,59.134102,10.283406,167.173218
18,4,2015,10,9,33,59.134823,10.283110,59.134102,10.283406,168.000854
18,4,2015,10,9,34,59.134789,10.283142,59.134102,10.283406,168.756226
18,4,2015,10,9,35,59.134758,10.283176,59.134102,10.283406,169.812988
18,4,2015,10,9,36,59.134724,10.283210,59.134102,10.283406,170.793335
18,4,2015,10,9,37,59.134693,10.283238,59.134102,10.283406,171.643066
18,4,2015,10,9,38,59.134651,10.283270,59.134102,10.283406,172.691284
18,4,2015,10,9,39,59.134609,10.283294,59.134102,10.283406,173.474243
18,4,2015,10,9,40,59.134579,10.283312,59.134102,10.283406,174.109985
18,4,2015,10,9,41,59.134537,10.283330,59.134102,10.283406,174.765625
18,4,2015,10,9,42,59.134495,10.283340,59.133694,10.283677,167.813660
18,4,2015,10,9,43,59.134457,10.283348,59.133694,10.283677,167.568237
18,4,2015,10,9,44,59.134415,10.283357,59.133694,10.283677,167.099792
18,4,2015,10,9,45,59.134377,10.283361,59.133694,10.283677,166.651733
18,4,2015,10,9,46,59.134335,10.283363,59.133694,10.283677,165.943359
18,4,2015,10,9,47,59.134293,10.283367,59.133694,10.283677,165.182678
18,4,2015,10,9,48,59.134251,10.283367,59.133694,10.283677,163.965576
18,4,2015,10,9,49,59.134220,10.283368,59.133694,10.283677,163.222351
18,4,2015,10,9,50,59.134178,10.283372,59.133694,10.283677,162.127869
18,4,2015,10,9,51,59.134140,10.283375,59.133694,10.283677,160.747742
18,4,2015,10,9,52,59.134098,10.283377,59.133694,10.283677,159.062988
18,4,2015,10,9,53,59.134064,10.283381,59.133400,10.283885,158.690735
18,4,2015,10,9,54,59.134026,10.283390,59.133400,10.283885,157.768127
18,4,2015,10,9,55,59.133991,10.283400,59.133400,10.283885,157.008301
18,4,2015,10,9,56,59.133957,10.283413,59.133400,10.283885,156.354858
18,4,2015,10,9,57,59.133919,10.283426,59.133400,10.283885,155.583130
18,4,2015,10,9,58,59.133888,10.283446,59.133400,10.283885,155.096130
18,4,2015,10,9,59,59.133854,10.283472,59.133400,10.283885,154.812927
18,4,2015,10,10,0,59.133827,10.283497,59.133400,10.283885,154.796753
18,4,2015,10,10,1,59.133797,10.283528,59.133400,10.283885,155.194580
18,4,2015,10,10,2,59.133762,10.283560,59.133190,10.283727,171.532288
18,4,2015,10,10,3,59.133739,10.283593,59.133190,10.283727,172.959045
18,4,2015,10,10,4,59.133705,10.283622,59.133190,10.283727,174.074463
18,4,2015,10,10,5,59.133675,10.283651,59.133190,10.283727,175.455383
18,4,2015,10,10,6,59.133640,10.283680,59.133190,10.283727,176.940918
18,4,2015,10,10,7,59.133610,10.283709,59.133190,10.283727,178.755615
18,4,2015,10,10,8,59.133575,10.283740,59.133064,10.283060,214.274353
18,4,2015,10,10,9,59.133545,10.283772,59.133064,10.283060,217.382538
18,4,2015,10,10,10,59.133503,10.283800,59.133064,10.283060,220.983307
18,4,2015,10,10,11,59.133472,10.283834,59.133064,10.283060,224.561035
18,4,2015,10,10,12,59.133423,10.283860,59.133064,10.283060,229.128555
18,4,2015,10,10,13,59.133381,10.283880,59.133064,10.283060,233.262787
18,4,2015,10,10,14,59.133335,10.283892,59.133064,10.283060,238.020996
18,4,2015,10,10,15,59.133282,10.283880,59.133064,10.283060,242.560547
18,4,2015,10,10,16,59.133244,10.283860,59.133064,10.283060,246.603088
18,4,2015,10,10,17,59.133202,10.283827,59.132812,10.282383,242.273727
18,4,2015,10,10,18,59.133171,10.283776,59.132812,10.282383,243.580597
18,4,2015,10,10,19,59.133144,10.283716,59.132812,10.282383,244.398071
18,4,2015,10,10,20,59.133121,10.283644,59.132812,10.282383,244.589203
18,4,2015,10,10,21,59.133106,10.283566,59.132812,10.282383,244.184280
18,4,2015,10,10,22,59.133095,10.283492,59.132812,10.282383,243.795868
18,4,2015,10,10,23,59.133087,10.283413,59.132812,10.282383,242.672546
18,4,2015,10,10,24,59.133080,10.283339,59.132812,10.282383,241.478149
18,4,2015,10,10,25,59.133080,10.283265,59.132812,10.282383,239.514923
18,4,2015,10,10,26,59.133072,10.283192,59.132812,10.282383,237.966156
18,4,2015,10,10,27,59.133064,10.283122,59.132812,10.282383,236.328064
18,4,2015,10,10,28,59.133057,10.283049,59.132812,10.282383,234.258453
18,4,2015,10,10,29,59.133049,10.282977,59.132504,10.282077,220.551514
18,4,2015,10,10,30,59.133041,10.282907,59.132504,10.282077,218.602554
18,4,2015,10,10,31,59.133022,10.282839,59.132504,10.282077,216.969070
18,4,2015,10,10,32,59.133007,10.282772,59.132504,10.282077,215.569168
18,4,2015,10,10,33,59.132984,10.282712,59.132504,10.282077,214.279587
18,4,2015,10,10,34,59.132957,10.282654,59.132504,10.282077,213.260681
18,4,2015,10,10,35,59.132923,10.282597,59.132504,10.282077,212.587402
18,4,2015,10,10,36,59.132893,10.282541,59.132504,10.282077,211.469391
18,4,2015,10,10,37,59.132858,10.282492,59.132504,10.282077,210.937912
18,4,2015,10,10,38,59.132828,10.282442,59.132198,10.281928,202.765335
18,4,2015,10,10,39,59.132793,10.282390,59.132198,10.281928,201.742142
18,4,2015,10,10,40,59.132755,10.282340,59.132198,10.281928,200.927826
18,4,2015,10,10,41,59.132721,10.282291,59.132198,10.281928,199.772446
18,4,2015,10,10,42,59.132683,10.282242,59.132198,10.281928,198.387039
18,4,2015,10,10,43,59.132641,10.282200,59.132198,10.281928,197.470993
18,4,2015,10,10,44,59.132599,10.282164,59.132198,10.281928,196.699722
18,4,2015,10,10,45,59.132561,10.282131,59.131897,10.281689,198.905487
18,4,2015,10,10,46,59.132519,10.282100,59.131897,10.281689,198.726089
18,4,2015,10,10,47,59.132477,10.282072,59.131897,10.281689,198.714996
18,4,2015,10,10,48,59.132435,10.282040,59.131897,10.281689,198.451477
18,4,2015,10,10,49,59.132397,10.282012,59.131897,10.281689,198.415924
18,4,2015,10,10,50,59.132359,10.281985,59.131897,10.281689,198.373978
18,4,2015,10,10,51,59.132324,10.281961,59.131897,10.281689,198.261566
18,4,2015,10,10,52,59.132282,10.281935,59.131569,10.281377,201.933929
18,4,2015,10,10,53,59.132240,10.281910,59.131569,10.281377,202.213196
18,4,2015,10,10,54,59.132202,10.281887,59.131569,10.281377,202.595688
18,4,2015,10,10,55,59.132160,10.281865,59.131569,10.281377,203.101318
18,4,2015,10,10,56,59.132118,10.281841,59.131569,10.281377,203.562439
18,4,2015,10,10,57,59.132080,10.281821,59.131569,10.281377,203.972794
18,4,2015,10,10,58,59.132046,10.281800,59.131569,10.281377,204.438599
18,4,2015,10,10,59,59.132008,10.281782,59.131569,10.281377,205.407242
18,4,2015,10,11,0,59.131973,10.281763,59.131569,10.281377,206.166214
18,4,2015,10,11,1,59.131943,10.281745,59.131271,10.280923,211.958084
18,4,2015,10,11,2,59.131901,10.281725,59.131271,10.280923,213.208313
18,4,2015,10,11,3,59.131866,10.281707,59.131271,10.280923,214.087311
18,4,2015,10,11,4,59.131836,10.281683,59.131271,10.280923,214.516525
18,4,2015,10,11,5,59.131802,10.281658,59.131271,10.280923,215.296371
18,4,2015,10,11,6,59.131763,10.281630,59.131271,10.280923,216.410446
18,4,2015,10,11,7,59.131729,10.281598,59.131271,10.280923,217.131851
18,4,2015,10,11,8,59.131695,10.281565,59.131271,10.280923,217.878906
18,4,2015,10,11,9,59.131664,10.281527,59.131271,10.280923,218.017410
18,4,2015,10,11,10,59.131630,10.281482,59.131271,10.280923,218.400467
18,4,2015,10,11,11,59.131599,10.281437,59.131271,10.280923,218.811493
18,4,2015,10,11,12,59.131565,10.281390,59.131035,10.280527,220.072220
18,4,2015,10,11,13,59.131535,10.281343,59.131035,10.280527,220.027008
18,4,2015,10,11,14,59.131500,10.281297,59.131035,10.280527,220.357452
18,4,2015,10,11,15,59.131477,10.281252,59.131035,10.280527,220.357437
18,4,2015,10,11,16,59.131447,10.281207,59.131035,10.280527,220.392975
18,4,2015,10,11,17,59.131420,10.281160,59.131035,10.280527,220.319305
18,4,2015,10,11,18,59.131393,10.281112,59.131035,10.280527,220.151611
18,4,2015,10,11,19,59.131363,10.281062,59.131035,10.280527,219.909927
18,4,2015,10,11,20,59.131329,10.281025,59.130791,10.280111,221.006332
18,4,2015,10,11,21,59.131298,10.280998,59.130791,10.280111,222.002884
18,4,2015,10,11,22,59.131264,10.280998,59.130791,10.280111,224.001785
18,4,2015,10,11,23,59.131233,10.281027,59.130791,10.280111,226.634018
18,4,2015,10,11,24,59.131199,10.281080,59.130791,10.280111,230.503113
18,4,2015,10,11,25,59.131176,10.281140,59.130791,10.280111,234.095306
18,4,2015,10,11,26,59.131153,10.281200,59.130791,10.280111,237.071838
18,4,2015,10,11,27,59.131119,10.281252,59.130791,10.280111,240.743011
18,4,2015,10,11,28,59.131096,10.281293,59.130791,10.280111,243.116821
18,4,2015,10,11,29,59.131062,10.281328,59.130791,10.280111,246.905487
18,4,2015,10,11,30,59.131031,10.281353,59.130791,10.280111,249.441010
18,4,2015,10,11,31,59.130997,10.281377,59.130791,10.280111,252.494339
18,4,2015,10,11,32,59.130966,10.281399,59.130791,10.280111,254.953476
18,4,2015,10,11,33,59.130932,10.281417,59.130791,10.280111,257.920929
18,4,2015,10,11,34,59.130901,10.281437,59.130791,10.280111,260.874542
18,4,2015,10,11,35,59.130859,10.281455,59.130791,10.280111,264.343292
18,4,2015,10,11,36,59.130825,10.281477,59.130791,10.280111,267.211029
18,4,2015,10,11,37,59.130787,10.281500,59.130791,10.280111,270.549683
18,4,2015,10,11,38,59.130753,10.281524,59.130791,10.280111,273.235931
18,4,2015,10,11,39,59.130711,10.281547,59.130791,10.280111,276.348083
18,4,2015,10,11,40,59.130672,10.281570,59.130791,10.280111,278.811859
18,4,2015,10,11,41,59.130630,10.281591,59.130791,10.280111,282.178711
18,4,2015,10,11,42,59.130600,10.281615,59.130791,10.280111,283.916779
18,4,2015,10,11,43,59.130558,10.281638,59.130791,10.280111,286.506653
18,4,2015,10,11,44,59.130524,10.281662,59.130791,10.280111,288.504364
18,4,2015,10,11,45,59.130493,10.281683,59.130791,10.280111,290.438599
18,4,2015,10,11,46,59.130451,10.281707,59.130791,10.280111,292.642792
18,4,2015,10,11,47,59.130417,10.281730,59.130791,10.280111,294.337952
18,4,2015,10,11,50,59.130306,10.281800,59.131035,10.280527,318.213470
18,4,2015,10,11,54,59.130142,10.281892,59.130123,10.281885,189.705399
18,4,2015,10,11,58,59.129997,10.281980,59.130123,10.281885,338.420868
18,4,2015,10,11,59,59.129955,10.282003,59.129696,10.280408,252.411774
18,4,2015,10,12,0,59.129925,10.282030,59.129696,10.280408,254.848267
18,4,2015,10,12,1,59.129883,10.282057,59.129696,10.280408,257.702179
18,4,2015,10,12,2,59.129848,10.282085,59.129696,10.280408,260.098755
18,4,2015,10,12,3,59.129807,10.282113,59.129696,10.280408,262.880188
18,4,2015,10,12,4,59.129776,10.282142,59.129696,10.280408,265.173859
18,4,2015,10,12,5,59.129734,10.282165,59.129696,10.280408,267.830353
18,4,2015,10,12,6,59.129704,10.282187,59.129696,10.280408,269.571899
18,4,2015,10,12,7,59.129662,10.282207,59.129696,10.280408,272.119720
18,4,2015,10,12,10,59.129559,10.282210,59.129589,10.282231,17.780334
18,4,2015,10,12,14,59.129490,10.281983,59.129589,10.282231,51.211487
18,4,2015,10,12,15,59.129482,10.281910,59.129696,10.280408,285.836304
18,4,2015,10,12,16,59.129482,10.281837,59.129696,10.280408,286.606506
18,4,2015,10,12,17,59.129475,10.281767,59.129696,10.280408,287.911011
18,4,2015,10,12,18,59.129467,10.281693,59.129696,10.280408,289.392639
18,4,2015,10,12,19,59.129467,10.281623,59.129696,10.280408,290.432495
18,4,2015,10,12,20,59.129467,10.281557,59.129642,10.279993,282.477875
18,4,2015,10,12,21,59.129482,10.281495,59.129642,10.279993,282.010315
18,4,2015,10,12,22,59.129509,10.281453,59.129642,10.279993,280.335388
18,4,2015,10,12,23,59.129532,10.281422,59.129642,10.279993,278.481628
18,4,2015,10,12,24,59.129566,10.281404,59.129642,10.279993,275.927704
18,4,2015,10,12,25,59.129597,10.281385,59.129642,10.279993,273.828918
18,4,2015,10,12,26,59.129631,10.281372,59.129642,10.279993,271.106750
18,4,2015,10,12,27,59.129662,10.281357,59.129642,10.279993,268.322906
18,4,2015,10,12,28,59.129696,10.281339,59.129642,10.279993,265.475311
18,4,2015,10,12,29,59.129719,10.281315,59.129642,10.279993,263.678375
18,4,2015,10,12,30,59.129734,10.281283,59.129642,10.279993,262.360291
18,4,2015,10,12,31,59.129742,10.281243,59.129612,10.279642,261.022461
18,4,2015,10,12,32,59.129753,10.281200,59.129612,10.279642,259.829437
18,4,2015,10,12,33,59.129753,10.281155,59.129612,10.279642,259.531830
18,4,2015,10,12,34,59.129753,10.281100,59.129612,10.279642,259.148682
18,4,2015,10,12,35,59.129742,10.281043,59.129612,10.279642,259.767517
18,4,2015,10,12,36,59.129742,10.280989,59.129612,10.279642,259.361511
18,4,2015,10,12,37,59.129734,10.280933,59.129612,10.279642,259.485291
18,4,2015,10,12,38,59.129734,10.280873,59.129654,10.279355,263.993500
18,4,2015,10,12,39,59.129726,10.280810,59.129654,10.279355,264.253174
18,4,2015,10,12,40,59.129726,10.280748,59.129654,10.279355,264.001373
18,4,2015,10,12,41,59.129719,10.280680,59.129654,10.279355,264.260132
18,4,2015,10,12,42,59.129711,10.280610,59.129654,10.279355,264.547668
18,4,2015,10,12,43,59.129704,10.280537,59.129822,10.279114,279.035187
18,4,2015,10,12,44,59.129704,10.280463,59.129822,10.279114,279.517822
18,4,2015,10,12,45,59.129696,10.280390,59.129822,10.279114,280.632690
18,4,2015,10,12,46,59.129688,10.280320,59.129921,10.278935,288.595673
18,4,2015,10,12,47,59.129677,10.280252,59.129921,10.278935,290.002441
18,4,2015,10,12,48,59.129669,10.280182,59.129921,10.278935,291.561035
18,4,2015,10,12,49,59.129662,10.280113,59.129921,10.278935,293.236084
18,4,2015,10,12,53,59.129639,10.279852,59.130123,10.278942,316.081573
18,4,2015,10,12,54,59.129631,10.279792,59.130123,10.278942,318.448700
18,4,2015,10,12,55,59.129623,10.279735,59.130123,10.278942,320.809052
18,4,2015,10,12,56,59.129623,10.279680,59.130123,10.278942,322.766357
18,4,2015,10,12,57,59.129612,10.279630,59.130123,10.278942,325.456726
18,4,2015,10,12,58,59.129612,10.279589,59.130123,10.278942,327.083130
18,4,2015,10,12,59,59.129623,10.279540,59.130123,10.278942,328.408325
18,4,2015,10,13,0,59.129631,10.279482,59.130123,10.278942,330.621674
18,4,2015,10,13,1,59.129646,10.279427,59.130123,10.278942,332.548004
18,4,2015,10,13,2,59.129669,10.279384,59.130123,10.278942,333.325043
18,4,2015,10,13,3,59.129696,10.279338,59.130123,10.278942,334.359619
18,4,2015,10,13,4,59.129719,10.279288,59.130123,10.278942,336.186035
18,4,2015,10,13,5,59.129753,10.279237,59.129951,10.278517,298.208038
18,4,2015,10,13,6,59.129776,10.279186,59.129791,10.277892,271.767822
18,4,2015,10,13,7,59.129799,10.279137,59.129791,10.277892,269.387848
18,4,2015,10,13,8,59.129826,10.279094,59.129791,10.277892,266.831390
18,4,2015,10,13,9,59.129848,10.279048,59.129791,10.277892,264.737152
18,4,2015,10,13,10,59.129875,10.279001,59.129791,10.277892,261.804321
18,4,2015,10,13,11,59.129906,10.278956,59.129791,10.277892,258.687561
18,4,2015,10,13,12,59.129929,10.278913,59.129791,10.277892,255.398712
18,4,2015,10,13,13,59.129948,10.278876,59.129791,10.277892,253.432709
18,4,2015,10,13,14,59.129971,10.278845,59.129791,10.277892,250.036987
18,4,2015,10,13,15,59.129990,10.278813,59.129791,10.277892,247.264069
18,4,2015,10,13,16,59.129997,10.278777,59.129791,10.277892,245.722061
18,4,2015,10,13,17,59.130005,10.278725,59.129791,10.277892,243.631073
18,4,2015,10,13,18,59.130005,10.278665,59.129791,10.277892,241.894531
18,4,2015,10,13,19,59.129990,10.278602,59.129719,10.277390,246.274460
18,4,2015,10,13,20,59.129971,10.278542,59.129719,10.277390,246.846802
18,4,2015,10,13,21,59.129948,10.278477,59.129719,10.277390,247.992737
18,4,2015,10,13,22,59.129925,10.278403,59.129719,10.277390,248.492981
18,4,2015,10,13,23,59.129898,10.278328,59.129719,10.277390,249.753143
18,4,2015,10,13,24,59.129875,10.278247,59.129719,10.277390,250.344696
18,4,2015,10,13,25,59.129860,10.278167,59.129719,10.277390,250.211227
18,4,2015,10,13,26,59.129833,10.278085,59.129757,10.276722,263.314301
18,4,2015,10,13,27,59.129818,10.278007,59.129757,10.276722,264.670227
18,4,2015,10,13,28,59.129799,10.277931,59.129757,10.276722,265.593018
18,4,2015,10,13,29,59.129784,10.277850,59.129757,10.276722,267.297455
18,4,2015,10,13,30,59.129776,10.277772,59.129757,10.276722,267.820862
18,4,2015,10,13,31,59.129768,10.277694,59.129757,10.276722,268.430786
18,4,2015,10,13,32,59.129761,10.277610,59.129757,10.276722,269.141479
18,4,2015,10,13,33,59.129753,10.277527,59.129757,10.276722,270.000336
18,4,2015,10,13,34,59.129742,10.277440,59.129818,10.276261,277.079895
18,4,2015,10,13,35,59.129742,10.277349,59.129818,10.276261,277.667633
18,4,2015,10,13,36,59.129734,10.277257,59.129818,10.276261,279.116577
18,4,2015,10,13,37,59.129734,10.277164,59.129818,10.276261,280.038330
18,4,2015,10,13,38,59.129734,10.277072,59.129818,10.276261,281.141998
18,4,2015,10,13,39,59.129742,10.276975,59.129993,10.275910,294.826843
18,4,2015,10,13,40,59.129742,10.276878,59.129993,10.275910,296.963928
18,4,2015,10,13,41,59.129761,10.276780,59.129993,10.275910,297.485321
18,4,2015,10,13,42,59.129776,10.276684,59.129993,10.275910,298.841919
18,4,2015,10,13,43,59.129791,10.276587,59.129993,10.275910,299.722687
18,4,2015,10,13,44,59.129807,10.276490,59.130192,10.276030,328.312592
18,4,2015,10,13,45,59.129833,10.276393,59.130386,10.275722,328.103821
18,4,2015,10,13,46,59.129848,10.276305,59.130386,10.275722,330.956543
18,4,2015,10,13,47,59.129864,10.276215,59.130386,10.275722,334.331024
18,4,2015,10,13,48,59.129883,10.276130,59.130386,10.275722,337.496674
18,4,2015,10,13,49,59.129906,10.276056,59.130386,10.275722,340.500885
18,4,2015,10,13,50,59.129940,10.276005,59.130386,10.275722,342.119141
18,4,2015,10,13,51,59.129978,10.275984,59.130386,10.275722,341.832184
18,4,2015,10,13,52,59.130013,10.275991,59.130516,10.275423,330.005676
18,4,2015,10,13,53,59.130047,10.276011,59.130516,10.275423,327.363525
18,4,2015,10,13,54,59.130077,10.276033,59.130516,10.275423,324.797485
18,4,2015,10,13,55,59.130100,10.276049,59.130516,10.275423,322.379456
18,4,2015,10,13,56,59.130135,10.276058,59.130516,10.275423,319.566254
18,4,2015,10,13,57,59.130157,10.276056,59.130516,10.275423,318.079529
18,4,2015,10,13,58,59.130184,10.276049,59.130516,10.275423,316.186707
18,4,2015,10,13,59,59.130207,10.276030,59.130516,10.275423,315.250092
18,4,2015,10,14,0,59.130230,10.276002,59.130741,10.275171,320.238129
18,4,2015,10,14,1,59.130257,10.275970,59.130741,10.275171,319.785645
18,4,2015,10,14,2,59.130272,10.275933,59.130741,10.275171,320.306152
18,4,2015,10,14,3,59.130295,10.275891,59.130741,10.275171,320.643158
18,4,2015,10,14,4,59.130322,10.275853,59.130741,10.275171,320.425873
18,4,2015,10,14,5,59.130348,10.275817,59.130741,10.275171,320.068298
18,4,2015,10,14,6,59.130363,10.275775,59.130741,10.275171,321.002808
18,4,2015,10,14,7,59.130386,10.275739,59.130741,10.275171,320.641876
